image,package_name,type,vulnerability_id,severity,url,patched_version,mirrored
noiro/aci-containers-controller:5.1.1.0.1ae238a,glibc,redhat,CVE-2019-25013,HIGH,https://avd.aquasec.com/nvd/cve-2019-25013,,
noiro/aci-containers-controller:5.1.1.0.1ae238a,librepo,redhat,CVE-2020-14352,HIGH,https://avd.aquasec.com/nvd/cve-2020-14352,1.11.0-3.el8_2,
noiro/aci-containers-controller:5.1.1.0.1ae238a,openssl,redhat,CVE-2020-1971,HIGH,https://avd.aquasec.com/nvd/cve-2020-1971,1:1.1.1g-12.el8_3,
noiro/aci-containers-controller:5.1.1.0.1ae238a,sqlite-libs,redhat,CVE-2019-5827,HIGH,https://avd.aquasec.com/nvd/cve-2019-5827,,
noiro/aci-containers-host:5.1.1.0.1ae238a,glibc,redhat,CVE-2019-25013,HIGH,https://avd.aquasec.com/nvd/cve-2019-25013,,
noiro/aci-containers-host:5.1.1.0.1ae238a,kernel-headers,redhat,CVE-2020-28374,HIGH,https://avd.aquasec.com/nvd/cve-2020-28374,,
noiro/aci-containers-host:5.1.1.0.1ae238a,kernel-headers,redhat,CVE-2020-29661,HIGH,https://avd.aquasec.com/nvd/cve-2020-29661,,
noiro/aci-containers-host:5.1.1.0.1ae238a,librepo,redhat,CVE-2020-14352,HIGH,https://avd.aquasec.com/nvd/cve-2020-14352,1.11.0-3.el8_2,
noiro/aci-containers-host:5.1.1.0.1ae238a,openssl,redhat,CVE-2020-1971,HIGH,https://avd.aquasec.com/nvd/cve-2020-1971,1:1.1.1g-12.el8_3,
noiro/aci-containers-host:5.1.1.0.1ae238a,sqlite-libs,redhat,CVE-2019-5827,HIGH,https://avd.aquasec.com/nvd/cve-2019-5827,,
noiro/cnideploy:5.1.1.0.1ae238a,glibc,redhat,CVE-2019-25013,HIGH,https://avd.aquasec.com/nvd/cve-2019-25013,,
noiro/cnideploy:5.1.1.0.1ae238a,librepo,redhat,CVE-2020-14352,HIGH,https://avd.aquasec.com/nvd/cve-2020-14352,1.11.0-3.el8_2,
noiro/cnideploy:5.1.1.0.1ae238a,openssl-libs,redhat,CVE-2020-1971,HIGH,https://avd.aquasec.com/nvd/cve-2020-1971,1:1.1.1g-12.el8_3,
noiro/cnideploy:5.1.1.0.1ae238a,sqlite-libs,redhat,CVE-2019-5827,HIGH,https://avd.aquasec.com/nvd/cve-2019-5827,,
noiro/gbp-server:5.1.1.0.1ae238a,glibc,redhat,CVE-2019-25013,HIGH,https://avd.aquasec.com/nvd/cve-2019-25013,,
noiro/gbp-server:5.1.1.0.1ae238a,librepo,redhat,CVE-2020-14352,HIGH,https://avd.aquasec.com/nvd/cve-2020-14352,1.11.0-3.el8_2,
noiro/gbp-server:5.1.1.0.1ae238a,openssl-libs,redhat,CVE-2020-1971,HIGH,https://avd.aquasec.com/nvd/cve-2020-1971,1:1.1.1g-12.el8_3,
noiro/gbp-server:5.1.1.0.1ae238a,sqlite-libs,redhat,CVE-2019-5827,HIGH,https://avd.aquasec.com/nvd/cve-2019-5827,,
noiro/openvswitch:5.1.1.0.1ae238a,glibc,redhat,CVE-2019-25013,HIGH,https://avd.aquasec.com/nvd/cve-2019-25013,,
noiro/openvswitch:5.1.1.0.1ae238a,librepo,redhat,CVE-2020-14352,HIGH,https://avd.aquasec.com/nvd/cve-2020-14352,1.11.0-3.el8_2,
noiro/openvswitch:5.1.1.0.1ae238a,openssl,redhat,CVE-2020-1971,HIGH,https://avd.aquasec.com/nvd/cve-2020-1971,1:1.1.1g-12.el8_3,
noiro/openvswitch:5.1.1.0.1ae238a,sqlite-libs,redhat,CVE-2019-5827,HIGH,https://avd.aquasec.com/nvd/cve-2019-5827,,
noiro/opflex-server:5.1.1.0.1ae238a,glibc,redhat,CVE-2019-25013,HIGH,https://avd.aquasec.com/nvd/cve-2019-25013,,
noiro/opflex-server:5.1.1.0.1ae238a,librepo,redhat,CVE-2020-14352,HIGH,https://avd.aquasec.com/nvd/cve-2020-14352,1.11.0-3.el8_2,
noiro/opflex-server:5.1.1.0.1ae238a,openssl,redhat,CVE-2020-1971,HIGH,https://avd.aquasec.com/nvd/cve-2020-1971,1:1.1.1g-12.el8_3,
noiro/opflex-server:5.1.1.0.1ae238a,sqlite-libs,redhat,CVE-2019-5827,HIGH,https://avd.aquasec.com/nvd/cve-2019-5827,,
noiro/opflex:5.1.1.0.1ae238a,glibc,redhat,CVE-2019-25013,HIGH,https://avd.aquasec.com/nvd/cve-2019-25013,,
noiro/opflex:5.1.1.0.1ae238a,librepo,redhat,CVE-2020-14352,HIGH,https://avd.aquasec.com/nvd/cve-2020-14352,1.11.0-3.el8_2,
noiro/opflex:5.1.1.0.1ae238a,openssl,redhat,CVE-2020-1971,HIGH,https://avd.aquasec.com/nvd/cve-2020-1971,1:1.1.1g-12.el8_3,
noiro/opflex:5.1.1.0.1ae238a,sqlite-libs,redhat,CVE-2019-5827,HIGH,https://avd.aquasec.com/nvd/cve-2019-5827,,
rancher/banzaicloud-fluentd:v1.11.5-alpine-1,curl,alpine,CVE-2020-8231,HIGH,https://avd.aquasec.com/nvd/cve-2020-8231,7.69.1-r2,
rancher/banzaicloud-fluentd:v1.11.5-alpine-1,curl,alpine,CVE-2020-8285,HIGH,https://avd.aquasec.com/nvd/cve-2020-8285,7.69.1-r3,
rancher/banzaicloud-fluentd:v1.11.5-alpine-1,curl,alpine,CVE-2020-8286,HIGH,https://avd.aquasec.com/nvd/cve-2020-8286,7.69.1-r3,
rancher/banzaicloud-fluentd:v1.11.5-alpine-1,ruby,alpine,CVE-2020-25613,HIGH,https://avd.aquasec.com/nvd/cve-2020-25613,2.7.2-r0,
rancher/calico-cni:v3.13.4,glibc,redhat,CVE-2019-25013,HIGH,https://avd.aquasec.com/nvd/cve-2019-25013,,
rancher/calico-cni:v3.13.4,gnutls,redhat,CVE-2020-13777,HIGH,https://avd.aquasec.com/nvd/cve-2020-13777,3.6.8-11.el8_2,
rancher/calico-cni:v3.13.4,libnghttp2,redhat,CVE-2020-11080,HIGH,https://avd.aquasec.com/nvd/cve-2020-11080,1.33.0-3.el8_2.1,
rancher/calico-cni:v3.13.4,librepo,redhat,CVE-2020-14352,HIGH,https://avd.aquasec.com/nvd/cve-2020-14352,1.11.0-3.el8_2,
rancher/calico-cni:v3.13.4,openssl-libs,redhat,CVE-2020-1971,HIGH,https://avd.aquasec.com/nvd/cve-2020-1971,1:1.1.1g-12.el8_3,
rancher/calico-cni:v3.13.4,sqlite-libs,redhat,CVE-2019-5827,HIGH,https://avd.aquasec.com/nvd/cve-2019-5827,,
rancher/calico-node:v3.13.4,dbus,redhat,CVE-2020-12049,HIGH,https://avd.aquasec.com/nvd/cve-2020-12049,1:1.12.8-10.el8_2,
rancher/calico-node:v3.13.4,glibc,redhat,CVE-2019-25013,HIGH,https://avd.aquasec.com/nvd/cve-2019-25013,,
rancher/calico-node:v3.13.4,gnutls,redhat,CVE-2020-13777,HIGH,https://avd.aquasec.com/nvd/cve-2020-13777,3.6.8-11.el8_2,
rancher/calico-node:v3.13.4,libnghttp2,redhat,CVE-2020-11080,HIGH,https://avd.aquasec.com/nvd/cve-2020-11080,1.33.0-3.el8_2.1,
rancher/calico-node:v3.13.4,librepo,redhat,CVE-2020-14352,HIGH,https://avd.aquasec.com/nvd/cve-2020-14352,1.11.0-3.el8_2,
rancher/calico-node:v3.13.4,openssl-libs,redhat,CVE-2020-1971,HIGH,https://avd.aquasec.com/nvd/cve-2020-1971,1:1.1.1g-12.el8_3,
rancher/calico-node:v3.13.4,sqlite-libs,redhat,CVE-2019-5827,HIGH,https://avd.aquasec.com/nvd/cve-2019-5827,,
rancher/calico-node:v3.16.5,glibc,redhat,CVE-2019-25013,HIGH,https://avd.aquasec.com/nvd/cve-2019-25013,,
rancher/calico-node:v3.16.5,openssl-libs,redhat,CVE-2020-1971,HIGH,https://avd.aquasec.com/nvd/cve-2020-1971,1:1.1.1g-12.el8_3,
rancher/calico-pod2daemon-flexvol:v3.13.4,glibc,redhat,CVE-2019-25013,HIGH,https://avd.aquasec.com/nvd/cve-2019-25013,,
rancher/calico-pod2daemon-flexvol:v3.13.4,gnutls,redhat,CVE-2020-13777,HIGH,https://avd.aquasec.com/nvd/cve-2020-13777,3.6.8-11.el8_2,
rancher/calico-pod2daemon-flexvol:v3.13.4,libnghttp2,redhat,CVE-2020-11080,HIGH,https://avd.aquasec.com/nvd/cve-2020-11080,1.33.0-3.el8_2.1,
rancher/calico-pod2daemon-flexvol:v3.13.4,librepo,redhat,CVE-2020-14352,HIGH,https://avd.aquasec.com/nvd/cve-2020-14352,1.11.0-3.el8_2,
rancher/calico-pod2daemon-flexvol:v3.13.4,openssl-libs,redhat,CVE-2020-1971,HIGH,https://avd.aquasec.com/nvd/cve-2020-1971,1:1.1.1g-12.el8_3,
rancher/calico-pod2daemon-flexvol:v3.13.4,sqlite-libs,redhat,CVE-2019-5827,HIGH,https://avd.aquasec.com/nvd/cve-2019-5827,,
rancher/configmap-reload:v0.3.0-rancher3,libc6,debian,CVE-2018-6485,CRITICAL,https://avd.aquasec.com/nvd/cve-2018-6485,,
rancher/configmap-reload:v0.3.0-rancher3,libc6,debian,CVE-2018-6551,CRITICAL,https://avd.aquasec.com/nvd/cve-2018-6551,,
rancher/configmap-reload:v0.3.0-rancher3,libc6,debian,CVE-2019-9169,CRITICAL,https://avd.aquasec.com/nvd/cve-2019-9169,,
rancher/configmap-reload:v0.3.0-rancher3,libc6,debian,CVE-2009-5155,HIGH,https://avd.aquasec.com/nvd/cve-2009-5155,,
rancher/configmap-reload:v0.3.0-rancher3,libc6,debian,CVE-2018-1000001,HIGH,https://avd.aquasec.com/nvd/cve-2018-1000001,,
rancher/configmap-reload:v0.3.0-rancher3,libc6,debian,CVE-2020-1751,HIGH,https://avd.aquasec.com/nvd/cve-2020-1751,,
rancher/configmap-reload:v0.3.0-rancher3,libc6,debian,CVE-2020-1752,HIGH,https://avd.aquasec.com/nvd/cve-2020-1752,,
rancher/coreos-etcd:v3.3.15-rancher1,libcrypto1.1,alpine,CVE-2020-1967,HIGH,https://avd.aquasec.com/nvd/cve-2020-1967,1.1.1g-r0,
rancher/coreos-etcd:v3.3.15-rancher1,musl,alpine,CVE-2019-14697,CRITICAL,https://avd.aquasec.com/nvd/cve-2019-14697,1.1.22-r3,
rancher/coreos-etcd:v3.4.13-rancher1,gcc-6-base,debian,CVE-2018-12886,HIGH,https://avd.aquasec.com/nvd/cve-2018-12886,,
rancher/coreos-etcd:v3.4.13-rancher1,gpgv,debian,CVE-2018-1000858,HIGH,https://avd.aquasec.com/nvd/cve-2018-1000858,,
rancher/coreos-etcd:v3.4.13-rancher1,libbz2-1.0,debian,CVE-2019-12900,CRITICAL,https://avd.aquasec.com/nvd/cve-2019-12900,,
rancher/coreos-etcd:v3.4.13-rancher1,libc-bin,debian,CVE-2018-6485,CRITICAL,https://avd.aquasec.com/nvd/cve-2018-6485,,
rancher/coreos-etcd:v3.4.13-rancher1,libc-bin,debian,CVE-2018-6551,CRITICAL,https://avd.aquasec.com/nvd/cve-2018-6551,,
rancher/coreos-etcd:v3.4.13-rancher1,libc-bin,debian,CVE-2019-9169,CRITICAL,https://avd.aquasec.com/nvd/cve-2019-9169,,
rancher/coreos-etcd:v3.4.13-rancher1,libc-bin,debian,CVE-2009-5155,HIGH,https://avd.aquasec.com/nvd/cve-2009-5155,,
rancher/coreos-etcd:v3.4.13-rancher1,libc-bin,debian,CVE-2018-1000001,HIGH,https://avd.aquasec.com/nvd/cve-2018-1000001,,
rancher/coreos-etcd:v3.4.13-rancher1,libc-bin,debian,CVE-2020-1751,HIGH,https://avd.aquasec.com/nvd/cve-2020-1751,,
rancher/coreos-etcd:v3.4.13-rancher1,libc-bin,debian,CVE-2020-1752,HIGH,https://avd.aquasec.com/nvd/cve-2020-1752,,
rancher/coreos-etcd:v3.4.13-rancher1,libuuid1,debian,CVE-2016-2779,HIGH,https://avd.aquasec.com/nvd/cve-2016-2779,,
rancher/coreos-etcd:v3.4.13-rancher1,login,debian,CVE-2017-12424,CRITICAL,https://avd.aquasec.com/nvd/cve-2017-12424,,
rancher/coreos-etcd:v3.4.13-rancher1,perl-base,debian,CVE-2020-10543,HIGH,https://avd.aquasec.com/nvd/cve-2020-10543,5.24.1-3+deb9u7,
rancher/coreos-etcd:v3.4.13-rancher1,perl-base,debian,CVE-2020-10878,HIGH,https://avd.aquasec.com/nvd/cve-2020-10878,5.24.1-3+deb9u7,
rancher/coreos-etcd:v3.4.13-rancher1,perl-base,debian,CVE-2020-12723,HIGH,https://avd.aquasec.com/nvd/cve-2020-12723,5.24.1-3+deb9u7,
rancher/coreos-etcd:v3.4.3-rancher1,gcc-6-base,debian,CVE-2018-12886,HIGH,https://avd.aquasec.com/nvd/cve-2018-12886,,
rancher/coreos-etcd:v3.4.3-rancher1,gpgv,debian,CVE-2018-1000858,HIGH,https://avd.aquasec.com/nvd/cve-2018-1000858,,
rancher/coreos-etcd:v3.4.3-rancher1,libbz2-1.0,debian,CVE-2019-12900,CRITICAL,https://avd.aquasec.com/nvd/cve-2019-12900,,
rancher/coreos-etcd:v3.4.3-rancher1,libc-bin,debian,CVE-2018-6485,CRITICAL,https://avd.aquasec.com/nvd/cve-2018-6485,,
rancher/coreos-etcd:v3.4.3-rancher1,libc-bin,debian,CVE-2018-6551,CRITICAL,https://avd.aquasec.com/nvd/cve-2018-6551,,
rancher/coreos-etcd:v3.4.3-rancher1,libc-bin,debian,CVE-2019-9169,CRITICAL,https://avd.aquasec.com/nvd/cve-2019-9169,,
rancher/coreos-etcd:v3.4.3-rancher1,libc-bin,debian,CVE-2009-5155,HIGH,https://avd.aquasec.com/nvd/cve-2009-5155,,
rancher/coreos-etcd:v3.4.3-rancher1,libc-bin,debian,CVE-2018-1000001,HIGH,https://avd.aquasec.com/nvd/cve-2018-1000001,,
rancher/coreos-etcd:v3.4.3-rancher1,libc-bin,debian,CVE-2020-1751,HIGH,https://avd.aquasec.com/nvd/cve-2020-1751,,
rancher/coreos-etcd:v3.4.3-rancher1,libc-bin,debian,CVE-2020-1752,HIGH,https://avd.aquasec.com/nvd/cve-2020-1752,,
rancher/coreos-etcd:v3.4.3-rancher1,libuuid1,debian,CVE-2016-2779,HIGH,https://avd.aquasec.com/nvd/cve-2016-2779,,
rancher/coreos-etcd:v3.4.3-rancher1,login,debian,CVE-2017-12424,CRITICAL,https://avd.aquasec.com/nvd/cve-2017-12424,,
rancher/coreos-etcd:v3.4.3-rancher1,perl-base,debian,CVE-2020-10543,HIGH,https://avd.aquasec.com/nvd/cve-2020-10543,5.24.1-3+deb9u7,
rancher/coreos-etcd:v3.4.3-rancher1,perl-base,debian,CVE-2020-10878,HIGH,https://avd.aquasec.com/nvd/cve-2020-10878,5.24.1-3+deb9u7,
rancher/coreos-etcd:v3.4.3-rancher1,perl-base,debian,CVE-2020-12723,HIGH,https://avd.aquasec.com/nvd/cve-2020-12723,5.24.1-3+deb9u7,
rancher/coreos-flannel:v0.12.0,libcrypto1.1,alpine,CVE-2020-1967,HIGH,https://avd.aquasec.com/nvd/cve-2020-1967,1.1.1g-r0,
rancher/coreos-flannel:v0.12.0,libcurl,alpine,CVE-2020-8169,HIGH,https://avd.aquasec.com/nvd/cve-2020-8169,7.66.0-r1,
rancher/coreos-flannel:v0.12.0,libcurl,alpine,CVE-2020-8177,HIGH,https://avd.aquasec.com/nvd/cve-2020-8177,7.66.0-r1,
rancher/coreos-flannel:v0.12.0,libcurl,alpine,CVE-2020-8231,HIGH,https://avd.aquasec.com/nvd/cve-2020-8231,7.66.0-r2,
rancher/coreos-flannel:v0.12.0,libcurl,alpine,CVE-2020-8285,HIGH,https://avd.aquasec.com/nvd/cve-2020-8285,7.66.0-r3,
rancher/coreos-flannel:v0.12.0,libcurl,alpine,CVE-2020-8286,HIGH,https://avd.aquasec.com/nvd/cve-2020-8286,7.66.0-r3,
rancher/coreos-flannel:v0.12.0,musl,alpine,CVE-2019-14697,CRITICAL,https://avd.aquasec.com/nvd/cve-2019-14697,1.1.22-r3,
rancher/coreos-flannel:v0.12.0,nghttp2-libs,alpine,CVE-2020-11080,HIGH,https://avd.aquasec.com/nvd/cve-2020-11080,1.39.2-r1,
rancher/coreos-flannel:v0.12.0,sqlite-libs,alpine,CVE-2020-11655,HIGH,https://avd.aquasec.com/nvd/cve-2020-11655,3.28.0-r3,
rancher/coreos-flannel:v0.13.0-rancher1,libcurl,alpine,CVE-2020-8231,HIGH,https://avd.aquasec.com/nvd/cve-2020-8231,7.69.1-r2,
rancher/coreos-flannel:v0.13.0-rancher1,libcurl,alpine,CVE-2020-8285,HIGH,https://avd.aquasec.com/nvd/cve-2020-8285,7.69.1-r3,
rancher/coreos-flannel:v0.13.0-rancher1,libcurl,alpine,CVE-2020-8286,HIGH,https://avd.aquasec.com/nvd/cve-2020-8286,7.69.1-r3,
rancher/curlimages-curl:7.70.0,libcrypto1.1,alpine,CVE-2020-1967,HIGH,https://avd.aquasec.com/nvd/cve-2020-1967,1.1.1g-r0,
rancher/curlimages-curl:7.70.0,nghttp2-dev,alpine,CVE-2020-11080,HIGH,https://avd.aquasec.com/nvd/cve-2020-11080,1.40.0-r1,
rancher/eks-operator:v1.0.5,glib2,redhat,CVE-2015-8385,HIGH,https://avd.aquasec.com/nvd/cve-2015-8385,,
rancher/eks-operator:v1.0.5,glib2,redhat,CVE-2016-3191,HIGH,https://avd.aquasec.com/nvd/cve-2016-3191,,
rancher/eks-operator:v1.0.5,glibc,redhat,CVE-2019-25013,HIGH,https://avd.aquasec.com/nvd/cve-2019-25013,,
rancher/eks-operator:v1.0.5,openssl-libs,redhat,CVE-2020-1971,HIGH,https://avd.aquasec.com/nvd/cve-2020-1971,1:1.0.2k-21.el7_9,
rancher/eks-operator:v1.0.5,sqlite,redhat,CVE-2019-5827,HIGH,https://avd.aquasec.com/nvd/cve-2019-5827,,
rancher/fluent-fluent-bit:1.6.4,libc6,debian,CVE-2020-1751,HIGH,https://avd.aquasec.com/nvd/cve-2020-1751,,
rancher/fluent-fluent-bit:1.6.4,libc6,debian,CVE-2020-1752,HIGH,https://avd.aquasec.com/nvd/cve-2020-1752,,
rancher/fluent-fluent-bit:1.6.4,libgcc1,debian,CVE-2018-12886,HIGH,https://avd.aquasec.com/nvd/cve-2018-12886,,
rancher/fluent-fluent-bit:1.6.4,libgcc1,debian,CVE-2019-15847,HIGH,https://avd.aquasec.com/nvd/cve-2019-15847,,
rancher/fluent-fluent-bit:1.6.4-debug,libc6,debian,CVE-2020-1751,HIGH,https://avd.aquasec.com/nvd/cve-2020-1751,,
rancher/fluent-fluent-bit:1.6.4-debug,libc6,debian,CVE-2020-1752,HIGH,https://avd.aquasec.com/nvd/cve-2020-1752,,
rancher/fluent-fluent-bit:1.6.4-debug,libgcc1,debian,CVE-2018-12886,HIGH,https://avd.aquasec.com/nvd/cve-2018-12886,,
rancher/fluent-fluent-bit:1.6.4-debug,libgcc1,debian,CVE-2019-15847,HIGH,https://avd.aquasec.com/nvd/cve-2019-15847,,
rancher/fluentd:v0.1.22,bsdutils,debian,CVE-2016-2779,HIGH,https://avd.aquasec.com/nvd/cve-2016-2779,,
rancher/fluentd:v0.1.22,gcc-6-base,debian,CVE-2018-12886,HIGH,https://avd.aquasec.com/nvd/cve-2018-12886,,
rancher/fluentd:v0.1.22,gpgv,debian,CVE-2018-1000858,HIGH,https://avd.aquasec.com/nvd/cve-2018-1000858,,
rancher/fluentd:v0.1.22,libbz2-1.0,debian,CVE-2019-12900,CRITICAL,https://avd.aquasec.com/nvd/cve-2019-12900,,
rancher/fluentd:v0.1.22,libc-bin,debian,CVE-2018-6485,CRITICAL,https://avd.aquasec.com/nvd/cve-2018-6485,,
rancher/fluentd:v0.1.22,libc-bin,debian,CVE-2018-6551,CRITICAL,https://avd.aquasec.com/nvd/cve-2018-6551,,
rancher/fluentd:v0.1.22,libc-bin,debian,CVE-2019-9169,CRITICAL,https://avd.aquasec.com/nvd/cve-2019-9169,,
rancher/fluentd:v0.1.22,libc-bin,debian,CVE-2009-5155,HIGH,https://avd.aquasec.com/nvd/cve-2009-5155,,
rancher/fluentd:v0.1.22,libc-bin,debian,CVE-2018-1000001,HIGH,https://avd.aquasec.com/nvd/cve-2018-1000001,,
rancher/fluentd:v0.1.22,libc-bin,debian,CVE-2020-1751,HIGH,https://avd.aquasec.com/nvd/cve-2020-1751,,
rancher/fluentd:v0.1.22,libc-bin,debian,CVE-2020-1752,HIGH,https://avd.aquasec.com/nvd/cve-2020-1752,,
rancher/fluentd:v0.1.22,libsystemd0,debian,CVE-2019-3843,HIGH,https://avd.aquasec.com/nvd/cve-2019-3843,,
rancher/fluentd:v0.1.22,libsystemd0,debian,CVE-2019-3844,HIGH,https://avd.aquasec.com/nvd/cve-2019-3844,,
rancher/fluentd:v0.1.22,libsystemd0,debian,CVE-2020-1712,HIGH,https://avd.aquasec.com/nvd/cve-2020-1712,,
rancher/fluentd:v0.1.22,login,debian,CVE-2017-12424,CRITICAL,https://avd.aquasec.com/nvd/cve-2017-12424,,
rancher/grafana-grafana:6.7.4,krb5-libs,alpine,CVE-2020-28196,HIGH,https://avd.aquasec.com/nvd/cve-2020-28196,1.17.2-r0,
rancher/grafana-grafana:7.1.5,krb5-libs,alpine,CVE-2020-28196,HIGH,https://avd.aquasec.com/nvd/cve-2020-28196,1.18.3-r0,
rancher/hyperkube:v1.16.15-rancher1,ceph-common,debian,CVE-2019-10222,HIGH,https://avd.aquasec.com/nvd/cve-2019-10222,,
rancher/hyperkube:v1.16.15-rancher1,ceph-common,debian,CVE-2020-12059,HIGH,https://avd.aquasec.com/nvd/cve-2020-12059,,
rancher/hyperkube:v1.16.15-rancher1,ceph-common,debian,CVE-2020-27781,HIGH,https://avd.aquasec.com/nvd/cve-2020-27781,,
rancher/hyperkube:v1.16.15-rancher1,ceph-common,debian,CVE-2020-27839,HIGH,https://avd.aquasec.com/nvd/cve-2020-27839,,
rancher/hyperkube:v1.16.15-rancher1,cifs-utils,debian,CVE-2020-14342,HIGH,https://avd.aquasec.com/nvd/cve-2020-14342,,
rancher/hyperkube:v1.16.15-rancher1,curl,debian,CVE-2020-8169,HIGH,https://avd.aquasec.com/nvd/cve-2020-8169,,
rancher/hyperkube:v1.16.15-rancher1,curl,debian,CVE-2020-8177,HIGH,https://avd.aquasec.com/nvd/cve-2020-8177,,
rancher/hyperkube:v1.16.15-rancher1,curl,debian,CVE-2020-8231,HIGH,https://avd.aquasec.com/nvd/cve-2020-8231,,
rancher/hyperkube:v1.16.15-rancher1,curl,debian,CVE-2020-8285,HIGH,https://avd.aquasec.com/nvd/cve-2020-8285,,
rancher/hyperkube:v1.16.15-rancher1,curl,debian,CVE-2020-8286,HIGH,https://avd.aquasec.com/nvd/cve-2020-8286,,
rancher/hyperkube:v1.16.15-rancher1,gcc-8-base,debian,CVE-2018-12886,HIGH,https://avd.aquasec.com/nvd/cve-2018-12886,,
rancher/hyperkube:v1.16.15-rancher1,gcc-8-base,debian,CVE-2019-15847,HIGH,https://avd.aquasec.com/nvd/cve-2019-15847,,
rancher/hyperkube:v1.16.15-rancher1,libbsd0,debian,CVE-2019-20367,CRITICAL,https://avd.aquasec.com/nvd/cve-2019-20367,,
rancher/hyperkube:v1.16.15-rancher1,libc-bin,debian,CVE-2020-1751,HIGH,https://avd.aquasec.com/nvd/cve-2020-1751,,
rancher/hyperkube:v1.16.15-rancher1,libc-bin,debian,CVE-2020-1752,HIGH,https://avd.aquasec.com/nvd/cve-2020-1752,,
rancher/hyperkube:v1.16.15-rancher1,libgnutls30,debian,CVE-2020-24659,HIGH,https://avd.aquasec.com/nvd/cve-2020-24659,,
rancher/hyperkube:v1.16.15-rancher1,libgssapi-krb5-2,debian,CVE-2020-28196,HIGH,https://avd.aquasec.com/nvd/cve-2020-28196,1.17-3+deb10u1,
rancher/hyperkube:v1.16.15-rancher1,libidn2-0,debian,CVE-2019-12290,HIGH,https://avd.aquasec.com/nvd/cve-2019-12290,,
rancher/hyperkube:v1.16.15-rancher1,libldap-2.4-2,debian,CVE-2020-25692,HIGH,https://avd.aquasec.com/nvd/cve-2020-25692,2.4.47+dfsg-3+deb10u3,
rancher/hyperkube:v1.16.15-rancher1,libldap-2.4-2,debian,CVE-2020-25709,HIGH,https://avd.aquasec.com/nvd/cve-2020-25709,2.4.47+dfsg-3+deb10u4,
rancher/hyperkube:v1.16.15-rancher1,libldap-2.4-2,debian,CVE-2020-25710,HIGH,https://avd.aquasec.com/nvd/cve-2020-25710,2.4.47+dfsg-3+deb10u4,
rancher/hyperkube:v1.16.15-rancher1,libnss3,debian,CVE-2020-25648,HIGH,https://avd.aquasec.com/nvd/cve-2020-25648,,
rancher/hyperkube:v1.16.15-rancher1,libonig5,debian,CVE-2020-26159,HIGH,https://avd.aquasec.com/nvd/cve-2020-26159,,
rancher/hyperkube:v1.16.15-rancher1,libp11-kit0,debian,CVE-2020-29361,HIGH,https://avd.aquasec.com/nvd/cve-2020-29361,0.23.15-2+deb10u1,
rancher/hyperkube:v1.16.15-rancher1,libp11-kit0,debian,CVE-2020-29363,HIGH,https://avd.aquasec.com/nvd/cve-2020-29363,0.23.15-2+deb10u1,
rancher/hyperkube:v1.16.15-rancher1,libpcre2-8-0,debian,CVE-2019-20454,HIGH,https://avd.aquasec.com/nvd/cve-2019-20454,,
rancher/hyperkube:v1.16.15-rancher1,libpython3.7,debian,CVE-2020-26116,HIGH,https://avd.aquasec.com/nvd/cve-2020-26116,,
rancher/hyperkube:v1.16.15-rancher1,libsqlite3-0,debian,CVE-2019-19603,HIGH,https://avd.aquasec.com/nvd/cve-2019-19603,,
rancher/hyperkube:v1.16.15-rancher1,libsqlite3-0,debian,CVE-2019-19959,HIGH,https://avd.aquasec.com/nvd/cve-2019-19959,3.27.2-3+deb10u1,
rancher/hyperkube:v1.16.15-rancher1,libsqlite3-0,debian,CVE-2019-20218,HIGH,https://avd.aquasec.com/nvd/cve-2019-20218,3.27.2-3+deb10u1,
rancher/hyperkube:v1.16.15-rancher1,libsqlite3-0,debian,CVE-2020-13630,HIGH,https://avd.aquasec.com/nvd/cve-2020-13630,3.27.2-3+deb10u1,
rancher/hyperkube:v1.16.15-rancher1,libssh2-1,debian,CVE-2019-13115,HIGH,https://avd.aquasec.com/nvd/cve-2019-13115,,
rancher/hyperkube:v1.16.15-rancher1,libsystemd0,debian,CVE-2019-3843,HIGH,https://avd.aquasec.com/nvd/cve-2019-3843,,
rancher/hyperkube:v1.16.15-rancher1,libsystemd0,debian,CVE-2019-3844,HIGH,https://avd.aquasec.com/nvd/cve-2019-3844,,
rancher/hyperkube:v1.16.15-rancher1,libwbclient0,debian,CVE-2020-1472,CRITICAL,https://avd.aquasec.com/nvd/cve-2020-1472,,
rancher/hyperkube:v1.16.15-rancher1,libwbclient0,debian,CVE-2020-10704,HIGH,https://avd.aquasec.com/nvd/cve-2020-10704,,
rancher/hyperkube:v1.16.15-rancher1,libwbclient0,debian,CVE-2020-10745,HIGH,https://avd.aquasec.com/nvd/cve-2020-10745,,
rancher/hyperkube:v1.16.15-rancher1,libwbclient0,debian,CVE-2020-14303,HIGH,https://avd.aquasec.com/nvd/cve-2020-14303,,
rancher/hyperkube:v1.16.15-rancher1,libxml2,debian,CVE-2017-16932,HIGH,https://avd.aquasec.com/nvd/cve-2017-16932,,
rancher/hyperkube:v1.16.15-rancher1,libxml2,debian,CVE-2018-14404,HIGH,https://avd.aquasec.com/nvd/cve-2018-14404,2.9.4+dfsg1-7+deb10u1,
rancher/hyperkube:v1.16.15-rancher1,libxml2,debian,CVE-2019-19956,HIGH,https://avd.aquasec.com/nvd/cve-2019-19956,2.9.4+dfsg1-7+deb10u1,
rancher/hyperkube:v1.16.15-rancher1,libxml2,debian,CVE-2019-20388,HIGH,https://avd.aquasec.com/nvd/cve-2019-20388,2.9.4+dfsg1-7+deb10u1,
rancher/hyperkube:v1.16.15-rancher1,libxml2,debian,CVE-2020-7595,HIGH,https://avd.aquasec.com/nvd/cve-2020-7595,2.9.4+dfsg1-7+deb10u1,
rancher/hyperkube:v1.16.15-rancher1,linux-libc-dev,debian,CVE-2013-7445,HIGH,https://avd.aquasec.com/nvd/cve-2013-7445,,
rancher/hyperkube:v1.16.15-rancher1,linux-libc-dev,debian,CVE-2019-0145,HIGH,https://avd.aquasec.com/nvd/cve-2019-0145,4.19.146-1,
rancher/hyperkube:v1.16.15-rancher1,linux-libc-dev,debian,CVE-2019-19074,HIGH,https://avd.aquasec.com/nvd/cve-2019-19074,4.19.146-1,
rancher/hyperkube:v1.16.15-rancher1,linux-libc-dev,debian,CVE-2019-19377,HIGH,https://avd.aquasec.com/nvd/cve-2019-19377,4.19.160-1,
rancher/hyperkube:v1.16.15-rancher1,linux-libc-dev,debian,CVE-2019-19378,HIGH,https://avd.aquasec.com/nvd/cve-2019-19378,,
rancher/hyperkube:v1.16.15-rancher1,linux-libc-dev,debian,CVE-2019-19448,HIGH,https://avd.aquasec.com/nvd/cve-2019-19448,4.19.146-1,
rancher/hyperkube:v1.16.15-rancher1,linux-libc-dev,debian,CVE-2019-19449,HIGH,https://avd.aquasec.com/nvd/cve-2019-19449,,
rancher/hyperkube:v1.16.15-rancher1,linux-libc-dev,debian,CVE-2019-19770,HIGH,https://avd.aquasec.com/nvd/cve-2019-19770,4.19.160-1,
rancher/hyperkube:v1.16.15-rancher1,linux-libc-dev,debian,CVE-2019-19814,HIGH,https://avd.aquasec.com/nvd/cve-2019-19814,,
rancher/hyperkube:v1.16.15-rancher1,linux-libc-dev,debian,CVE-2019-19816,HIGH,https://avd.aquasec.com/nvd/cve-2019-19816,4.19.160-1,
rancher/hyperkube:v1.16.15-rancher1,linux-libc-dev,debian,CVE-2020-0423,HIGH,https://avd.aquasec.com/nvd/cve-2020-0423,4.19.160-1,
rancher/hyperkube:v1.16.15-rancher1,linux-libc-dev,debian,CVE-2020-0465,HIGH,https://avd.aquasec.com/nvd/cve-2020-0465,4.19.146-1,
rancher/hyperkube:v1.16.15-rancher1,linux-libc-dev,debian,CVE-2020-0466,HIGH,https://avd.aquasec.com/nvd/cve-2020-0466,4.19.146-1,
rancher/hyperkube:v1.16.15-rancher1,linux-libc-dev,debian,CVE-2020-11725,HIGH,https://avd.aquasec.com/nvd/cve-2020-11725,,
rancher/hyperkube:v1.16.15-rancher1,linux-libc-dev,debian,CVE-2020-12351,HIGH,https://avd.aquasec.com/nvd/cve-2020-12351,4.19.152-1,
rancher/hyperkube:v1.16.15-rancher1,linux-libc-dev,debian,CVE-2020-14351,HIGH,https://avd.aquasec.com/nvd/cve-2020-14351,4.19.160-1,
rancher/hyperkube:v1.16.15-rancher1,linux-libc-dev,debian,CVE-2020-14356,HIGH,https://avd.aquasec.com/nvd/cve-2020-14356,4.19.146-1,
rancher/hyperkube:v1.16.15-rancher1,linux-libc-dev,debian,CVE-2020-14386,HIGH,https://avd.aquasec.com/nvd/cve-2020-14386,4.19.146-1,
rancher/hyperkube:v1.16.15-rancher1,linux-libc-dev,debian,CVE-2020-16119,HIGH,https://avd.aquasec.com/nvd/cve-2020-16119,,
rancher/hyperkube:v1.16.15-rancher1,linux-libc-dev,debian,CVE-2020-24490,HIGH,https://avd.aquasec.com/nvd/cve-2020-24490,4.19.146-1,
rancher/hyperkube:v1.16.15-rancher1,linux-libc-dev,debian,CVE-2020-25212,HIGH,https://avd.aquasec.com/nvd/cve-2020-25212,4.19.146-1,
rancher/hyperkube:v1.16.15-rancher1,linux-libc-dev,debian,CVE-2020-25643,HIGH,https://avd.aquasec.com/nvd/cve-2020-25643,4.19.152-1,
rancher/hyperkube:v1.16.15-rancher1,linux-libc-dev,debian,CVE-2020-25645,HIGH,https://avd.aquasec.com/nvd/cve-2020-25645,4.19.152-1,
rancher/hyperkube:v1.16.15-rancher1,linux-libc-dev,debian,CVE-2020-25705,HIGH,https://avd.aquasec.com/nvd/cve-2020-25705,4.19.160-1,
rancher/hyperkube:v1.16.15-rancher1,linux-libc-dev,debian,CVE-2020-27815,HIGH,https://avd.aquasec.com/nvd/cve-2020-27815,,
rancher/hyperkube:v1.16.15-rancher1,linux-libc-dev,debian,CVE-2020-28374,HIGH,https://avd.aquasec.com/nvd/cve-2020-28374,,
rancher/hyperkube:v1.16.15-rancher1,linux-libc-dev,debian,CVE-2020-29374,HIGH,https://avd.aquasec.com/nvd/cve-2020-29374,,
rancher/hyperkube:v1.16.15-rancher1,linux-libc-dev,debian,CVE-2020-29569,HIGH,https://avd.aquasec.com/nvd/cve-2020-29569,,
rancher/hyperkube:v1.16.15-rancher1,linux-libc-dev,debian,CVE-2020-29661,HIGH,https://avd.aquasec.com/nvd/cve-2020-29661,,
rancher/hyperkube:v1.16.15-rancher1,open-iscsi,debian,CVE-2020-13987,HIGH,https://avd.aquasec.com/nvd/cve-2020-13987,,
rancher/hyperkube:v1.16.15-rancher1,open-iscsi,debian,CVE-2020-13988,HIGH,https://avd.aquasec.com/nvd/cve-2020-13988,,
rancher/hyperkube:v1.16.15-rancher1,open-iscsi,debian,CVE-2020-17437,HIGH,https://avd.aquasec.com/nvd/cve-2020-17437,,
rancher/hyperkube:v1.16.15-rancher1,python-urllib3,debian,CVE-2019-11324,HIGH,https://avd.aquasec.com/nvd/cve-2019-11324,,
rancher/hyperkube:v1.17.16-rancher1,ceph-common,debian,CVE-2019-10222,HIGH,https://avd.aquasec.com/nvd/cve-2019-10222,,
rancher/hyperkube:v1.17.16-rancher1,ceph-common,debian,CVE-2020-12059,HIGH,https://avd.aquasec.com/nvd/cve-2020-12059,,
rancher/hyperkube:v1.17.16-rancher1,ceph-common,debian,CVE-2020-27781,HIGH,https://avd.aquasec.com/nvd/cve-2020-27781,,
rancher/hyperkube:v1.17.16-rancher1,ceph-common,debian,CVE-2020-27839,HIGH,https://avd.aquasec.com/nvd/cve-2020-27839,,
rancher/hyperkube:v1.17.16-rancher1,cifs-utils,debian,CVE-2020-14342,HIGH,https://avd.aquasec.com/nvd/cve-2020-14342,,
rancher/hyperkube:v1.17.16-rancher1,curl,debian,CVE-2020-8169,HIGH,https://avd.aquasec.com/nvd/cve-2020-8169,,
rancher/hyperkube:v1.17.16-rancher1,curl,debian,CVE-2020-8177,HIGH,https://avd.aquasec.com/nvd/cve-2020-8177,,
rancher/hyperkube:v1.17.16-rancher1,curl,debian,CVE-2020-8231,HIGH,https://avd.aquasec.com/nvd/cve-2020-8231,,
rancher/hyperkube:v1.17.16-rancher1,curl,debian,CVE-2020-8285,HIGH,https://avd.aquasec.com/nvd/cve-2020-8285,,
rancher/hyperkube:v1.17.16-rancher1,curl,debian,CVE-2020-8286,HIGH,https://avd.aquasec.com/nvd/cve-2020-8286,,
rancher/hyperkube:v1.17.16-rancher1,gcc-8-base,debian,CVE-2018-12886,HIGH,https://avd.aquasec.com/nvd/cve-2018-12886,,
rancher/hyperkube:v1.17.16-rancher1,gcc-8-base,debian,CVE-2019-15847,HIGH,https://avd.aquasec.com/nvd/cve-2019-15847,,
rancher/hyperkube:v1.17.16-rancher1,libbsd0,debian,CVE-2019-20367,CRITICAL,https://avd.aquasec.com/nvd/cve-2019-20367,,
rancher/hyperkube:v1.17.16-rancher1,libc-bin,debian,CVE-2020-1751,HIGH,https://avd.aquasec.com/nvd/cve-2020-1751,,
rancher/hyperkube:v1.17.16-rancher1,libc-bin,debian,CVE-2020-1752,HIGH,https://avd.aquasec.com/nvd/cve-2020-1752,,
rancher/hyperkube:v1.17.16-rancher1,libgnutls30,debian,CVE-2020-24659,HIGH,https://avd.aquasec.com/nvd/cve-2020-24659,,
rancher/hyperkube:v1.17.16-rancher1,libidn2-0,debian,CVE-2019-12290,HIGH,https://avd.aquasec.com/nvd/cve-2019-12290,,
rancher/hyperkube:v1.17.16-rancher1,libnss3,debian,CVE-2020-25648,HIGH,https://avd.aquasec.com/nvd/cve-2020-25648,,
rancher/hyperkube:v1.17.16-rancher1,libonig5,debian,CVE-2020-26159,HIGH,https://avd.aquasec.com/nvd/cve-2020-26159,,
rancher/hyperkube:v1.17.16-rancher1,libp11-kit0,debian,CVE-2020-29361,HIGH,https://avd.aquasec.com/nvd/cve-2020-29361,0.23.15-2+deb10u1,
rancher/hyperkube:v1.17.16-rancher1,libp11-kit0,debian,CVE-2020-29363,HIGH,https://avd.aquasec.com/nvd/cve-2020-29363,0.23.15-2+deb10u1,
rancher/hyperkube:v1.17.16-rancher1,libpcre2-8-0,debian,CVE-2019-20454,HIGH,https://avd.aquasec.com/nvd/cve-2019-20454,,
rancher/hyperkube:v1.17.16-rancher1,libpython3.7,debian,CVE-2020-26116,HIGH,https://avd.aquasec.com/nvd/cve-2020-26116,,
rancher/hyperkube:v1.17.16-rancher1,libsqlite3-0,debian,CVE-2019-19603,HIGH,https://avd.aquasec.com/nvd/cve-2019-19603,,
rancher/hyperkube:v1.17.16-rancher1,libssh2-1,debian,CVE-2019-13115,HIGH,https://avd.aquasec.com/nvd/cve-2019-13115,,
rancher/hyperkube:v1.17.16-rancher1,libsystemd0,debian,CVE-2019-3843,HIGH,https://avd.aquasec.com/nvd/cve-2019-3843,,
rancher/hyperkube:v1.17.16-rancher1,libsystemd0,debian,CVE-2019-3844,HIGH,https://avd.aquasec.com/nvd/cve-2019-3844,,
rancher/hyperkube:v1.17.16-rancher1,libwbclient0,debian,CVE-2020-1472,CRITICAL,https://avd.aquasec.com/nvd/cve-2020-1472,,
rancher/hyperkube:v1.17.16-rancher1,libwbclient0,debian,CVE-2020-10704,HIGH,https://avd.aquasec.com/nvd/cve-2020-10704,,
rancher/hyperkube:v1.17.16-rancher1,libwbclient0,debian,CVE-2020-10745,HIGH,https://avd.aquasec.com/nvd/cve-2020-10745,,
rancher/hyperkube:v1.17.16-rancher1,libwbclient0,debian,CVE-2020-14303,HIGH,https://avd.aquasec.com/nvd/cve-2020-14303,,
rancher/hyperkube:v1.17.16-rancher1,libxml2,debian,CVE-2017-16932,HIGH,https://avd.aquasec.com/nvd/cve-2017-16932,,
rancher/hyperkube:v1.17.16-rancher1,linux-libc-dev,debian,CVE-2013-7445,HIGH,https://avd.aquasec.com/nvd/cve-2013-7445,,
rancher/hyperkube:v1.17.16-rancher1,linux-libc-dev,debian,CVE-2019-19378,HIGH,https://avd.aquasec.com/nvd/cve-2019-19378,,
rancher/hyperkube:v1.17.16-rancher1,linux-libc-dev,debian,CVE-2019-19449,HIGH,https://avd.aquasec.com/nvd/cve-2019-19449,,
rancher/hyperkube:v1.17.16-rancher1,linux-libc-dev,debian,CVE-2019-19814,HIGH,https://avd.aquasec.com/nvd/cve-2019-19814,,
rancher/hyperkube:v1.17.16-rancher1,linux-libc-dev,debian,CVE-2020-11725,HIGH,https://avd.aquasec.com/nvd/cve-2020-11725,,
rancher/hyperkube:v1.17.16-rancher1,linux-libc-dev,debian,CVE-2020-16119,HIGH,https://avd.aquasec.com/nvd/cve-2020-16119,,
rancher/hyperkube:v1.17.16-rancher1,linux-libc-dev,debian,CVE-2020-27815,HIGH,https://avd.aquasec.com/nvd/cve-2020-27815,,
rancher/hyperkube:v1.17.16-rancher1,linux-libc-dev,debian,CVE-2020-28374,HIGH,https://avd.aquasec.com/nvd/cve-2020-28374,,
rancher/hyperkube:v1.17.16-rancher1,linux-libc-dev,debian,CVE-2020-29374,HIGH,https://avd.aquasec.com/nvd/cve-2020-29374,,
rancher/hyperkube:v1.17.16-rancher1,linux-libc-dev,debian,CVE-2020-29569,HIGH,https://avd.aquasec.com/nvd/cve-2020-29569,,
rancher/hyperkube:v1.17.16-rancher1,linux-libc-dev,debian,CVE-2020-29661,HIGH,https://avd.aquasec.com/nvd/cve-2020-29661,,
rancher/hyperkube:v1.17.16-rancher1,open-iscsi,debian,CVE-2020-13987,HIGH,https://avd.aquasec.com/nvd/cve-2020-13987,,
rancher/hyperkube:v1.17.16-rancher1,open-iscsi,debian,CVE-2020-13988,HIGH,https://avd.aquasec.com/nvd/cve-2020-13988,,
rancher/hyperkube:v1.17.16-rancher1,open-iscsi,debian,CVE-2020-17437,HIGH,https://avd.aquasec.com/nvd/cve-2020-17437,,
rancher/hyperkube:v1.17.16-rancher1,python-urllib3,debian,CVE-2019-11324,HIGH,https://avd.aquasec.com/nvd/cve-2019-11324,,
rancher/hyperkube:v1.18.14-rancher1,ceph-common,debian,CVE-2019-10222,HIGH,https://avd.aquasec.com/nvd/cve-2019-10222,,
rancher/hyperkube:v1.18.14-rancher1,ceph-common,debian,CVE-2020-12059,HIGH,https://avd.aquasec.com/nvd/cve-2020-12059,,
rancher/hyperkube:v1.18.14-rancher1,ceph-common,debian,CVE-2020-27781,HIGH,https://avd.aquasec.com/nvd/cve-2020-27781,,
rancher/hyperkube:v1.18.14-rancher1,ceph-common,debian,CVE-2020-27839,HIGH,https://avd.aquasec.com/nvd/cve-2020-27839,,
rancher/hyperkube:v1.18.14-rancher1,cifs-utils,debian,CVE-2020-14342,HIGH,https://avd.aquasec.com/nvd/cve-2020-14342,,
rancher/hyperkube:v1.18.14-rancher1,curl,debian,CVE-2020-8169,HIGH,https://avd.aquasec.com/nvd/cve-2020-8169,,
rancher/hyperkube:v1.18.14-rancher1,curl,debian,CVE-2020-8177,HIGH,https://avd.aquasec.com/nvd/cve-2020-8177,,
rancher/hyperkube:v1.18.14-rancher1,curl,debian,CVE-2020-8231,HIGH,https://avd.aquasec.com/nvd/cve-2020-8231,,
rancher/hyperkube:v1.18.14-rancher1,curl,debian,CVE-2020-8285,HIGH,https://avd.aquasec.com/nvd/cve-2020-8285,,
rancher/hyperkube:v1.18.14-rancher1,curl,debian,CVE-2020-8286,HIGH,https://avd.aquasec.com/nvd/cve-2020-8286,,
rancher/hyperkube:v1.18.14-rancher1,gcc-8-base,debian,CVE-2018-12886,HIGH,https://avd.aquasec.com/nvd/cve-2018-12886,,
rancher/hyperkube:v1.18.14-rancher1,gcc-8-base,debian,CVE-2019-15847,HIGH,https://avd.aquasec.com/nvd/cve-2019-15847,,
rancher/hyperkube:v1.18.14-rancher1,libbsd0,debian,CVE-2019-20367,CRITICAL,https://avd.aquasec.com/nvd/cve-2019-20367,,
rancher/hyperkube:v1.18.14-rancher1,libc-bin,debian,CVE-2020-1751,HIGH,https://avd.aquasec.com/nvd/cve-2020-1751,,
rancher/hyperkube:v1.18.14-rancher1,libc-bin,debian,CVE-2020-1752,HIGH,https://avd.aquasec.com/nvd/cve-2020-1752,,
rancher/hyperkube:v1.18.14-rancher1,libgnutls30,debian,CVE-2020-24659,HIGH,https://avd.aquasec.com/nvd/cve-2020-24659,,
rancher/hyperkube:v1.18.14-rancher1,libidn2-0,debian,CVE-2019-12290,HIGH,https://avd.aquasec.com/nvd/cve-2019-12290,,
rancher/hyperkube:v1.18.14-rancher1,libnss3,debian,CVE-2020-25648,HIGH,https://avd.aquasec.com/nvd/cve-2020-25648,,
rancher/hyperkube:v1.18.14-rancher1,libonig5,debian,CVE-2020-26159,HIGH,https://avd.aquasec.com/nvd/cve-2020-26159,,
rancher/hyperkube:v1.18.14-rancher1,libp11-kit0,debian,CVE-2020-29361,HIGH,https://avd.aquasec.com/nvd/cve-2020-29361,0.23.15-2+deb10u1,
rancher/hyperkube:v1.18.14-rancher1,libp11-kit0,debian,CVE-2020-29363,HIGH,https://avd.aquasec.com/nvd/cve-2020-29363,0.23.15-2+deb10u1,
rancher/hyperkube:v1.18.14-rancher1,libpcre2-8-0,debian,CVE-2019-20454,HIGH,https://avd.aquasec.com/nvd/cve-2019-20454,,
rancher/hyperkube:v1.18.14-rancher1,libpython3.7,debian,CVE-2020-26116,HIGH,https://avd.aquasec.com/nvd/cve-2020-26116,,
rancher/hyperkube:v1.18.14-rancher1,libsqlite3-0,debian,CVE-2019-19603,HIGH,https://avd.aquasec.com/nvd/cve-2019-19603,,
rancher/hyperkube:v1.18.14-rancher1,libssh2-1,debian,CVE-2019-13115,HIGH,https://avd.aquasec.com/nvd/cve-2019-13115,,
rancher/hyperkube:v1.18.14-rancher1,libsystemd0,debian,CVE-2019-3843,HIGH,https://avd.aquasec.com/nvd/cve-2019-3843,,
rancher/hyperkube:v1.18.14-rancher1,libsystemd0,debian,CVE-2019-3844,HIGH,https://avd.aquasec.com/nvd/cve-2019-3844,,
rancher/hyperkube:v1.18.14-rancher1,libwbclient0,debian,CVE-2020-1472,CRITICAL,https://avd.aquasec.com/nvd/cve-2020-1472,,
rancher/hyperkube:v1.18.14-rancher1,libwbclient0,debian,CVE-2020-10704,HIGH,https://avd.aquasec.com/nvd/cve-2020-10704,,
rancher/hyperkube:v1.18.14-rancher1,libwbclient0,debian,CVE-2020-10745,HIGH,https://avd.aquasec.com/nvd/cve-2020-10745,,
rancher/hyperkube:v1.18.14-rancher1,libwbclient0,debian,CVE-2020-14303,HIGH,https://avd.aquasec.com/nvd/cve-2020-14303,,
rancher/hyperkube:v1.18.14-rancher1,libxml2,debian,CVE-2017-16932,HIGH,https://avd.aquasec.com/nvd/cve-2017-16932,,
rancher/hyperkube:v1.18.14-rancher1,linux-libc-dev,debian,CVE-2013-7445,HIGH,https://avd.aquasec.com/nvd/cve-2013-7445,,
rancher/hyperkube:v1.18.14-rancher1,linux-libc-dev,debian,CVE-2019-19378,HIGH,https://avd.aquasec.com/nvd/cve-2019-19378,,
rancher/hyperkube:v1.18.14-rancher1,linux-libc-dev,debian,CVE-2019-19449,HIGH,https://avd.aquasec.com/nvd/cve-2019-19449,,
rancher/hyperkube:v1.18.14-rancher1,linux-libc-dev,debian,CVE-2019-19814,HIGH,https://avd.aquasec.com/nvd/cve-2019-19814,,
rancher/hyperkube:v1.18.14-rancher1,linux-libc-dev,debian,CVE-2020-11725,HIGH,https://avd.aquasec.com/nvd/cve-2020-11725,,
rancher/hyperkube:v1.18.14-rancher1,linux-libc-dev,debian,CVE-2020-16119,HIGH,https://avd.aquasec.com/nvd/cve-2020-16119,,
rancher/hyperkube:v1.18.14-rancher1,linux-libc-dev,debian,CVE-2020-27815,HIGH,https://avd.aquasec.com/nvd/cve-2020-27815,,
rancher/hyperkube:v1.18.14-rancher1,linux-libc-dev,debian,CVE-2020-28374,HIGH,https://avd.aquasec.com/nvd/cve-2020-28374,,
rancher/hyperkube:v1.18.14-rancher1,linux-libc-dev,debian,CVE-2020-29374,HIGH,https://avd.aquasec.com/nvd/cve-2020-29374,,
rancher/hyperkube:v1.18.14-rancher1,linux-libc-dev,debian,CVE-2020-29569,HIGH,https://avd.aquasec.com/nvd/cve-2020-29569,,
rancher/hyperkube:v1.18.14-rancher1,linux-libc-dev,debian,CVE-2020-29661,HIGH,https://avd.aquasec.com/nvd/cve-2020-29661,,
rancher/hyperkube:v1.18.14-rancher1,open-iscsi,debian,CVE-2020-13987,HIGH,https://avd.aquasec.com/nvd/cve-2020-13987,,
rancher/hyperkube:v1.18.14-rancher1,open-iscsi,debian,CVE-2020-13988,HIGH,https://avd.aquasec.com/nvd/cve-2020-13988,,
rancher/hyperkube:v1.18.14-rancher1,open-iscsi,debian,CVE-2020-17437,HIGH,https://avd.aquasec.com/nvd/cve-2020-17437,,
rancher/hyperkube:v1.18.14-rancher1,python-urllib3,debian,CVE-2019-11324,HIGH,https://avd.aquasec.com/nvd/cve-2019-11324,,
rancher/hyperkube:v1.19.6-rancher1,libssl1.1,ubuntu,CVE-2020-1971,HIGH,https://avd.aquasec.com/nvd/cve-2020-1971,1.1.1f-1ubuntu2.1,
rancher/istio-1.5-migration:0.1.1,curl,alpine,CVE-2020-8169,HIGH,https://avd.aquasec.com/nvd/cve-2020-8169,7.69.1-r1,
rancher/istio-1.5-migration:0.1.1,curl,alpine,CVE-2020-8177,HIGH,https://avd.aquasec.com/nvd/cve-2020-8177,7.69.1-r1,
rancher/istio-1.5-migration:0.1.1,curl,alpine,CVE-2020-8231,HIGH,https://avd.aquasec.com/nvd/cve-2020-8231,7.69.1-r2,
rancher/istio-1.5-migration:0.1.1,curl,alpine,CVE-2020-8285,HIGH,https://avd.aquasec.com/nvd/cve-2020-8285,7.69.1-r3,
rancher/istio-1.5-migration:0.1.1,curl,alpine,CVE-2020-8286,HIGH,https://avd.aquasec.com/nvd/cve-2020-8286,7.69.1-r3,
rancher/istio-1.5-migration:0.1.1,oniguruma,alpine,CVE-2020-26159,HIGH,https://avd.aquasec.com/nvd/cve-2020-26159,6.9.5-r2,
rancher/istio-citadel:1.5.9,libssl1.1,ubuntu,CVE-2020-1971,HIGH,https://avd.aquasec.com/nvd/cve-2020-1971,1.1.1-1ubuntu2.1~18.04.7,
rancher/istio-citadel:1.5.9,linux-tools-4.15.0-112,ubuntu,CVE-2020-12351,HIGH,https://avd.aquasec.com/nvd/cve-2020-12351,4.15.0-122.124,
rancher/istio-citadel:1.5.9,linux-tools-4.15.0-112,ubuntu,CVE-2020-14386,HIGH,https://avd.aquasec.com/nvd/cve-2020-14386,4.15.0-117.118,
rancher/istio-citadel:1.5.9,linux-tools-4.15.0-112,ubuntu,CVE-2020-16119,HIGH,https://avd.aquasec.com/nvd/cve-2020-16119,4.15.0-121.123,
rancher/istio-citadel:1.5.9,linux-tools-4.15.0-112,ubuntu,CVE-2020-28374,HIGH,https://avd.aquasec.com/nvd/cve-2020-28374,4.15.0-132.136,
rancher/istio-coredns-plugin:0.2-istio-1.1,apt,ubuntu,CVE-2014-0487,HIGH,https://avd.aquasec.com/nvd/cve-2014-0487,1.0.1ubuntu2.3,
rancher/istio-coredns-plugin:0.2-istio-1.1,apt,ubuntu,CVE-2014-0488,HIGH,https://avd.aquasec.com/nvd/cve-2014-0488,1.0.1ubuntu2.3,
rancher/istio-coredns-plugin:0.2-istio-1.1,apt,ubuntu,CVE-2016-1252,HIGH,https://avd.aquasec.com/nvd/cve-2016-1252,1.0.1ubuntu2.17,
rancher/istio-coredns-plugin:0.2-istio-1.1,apt,ubuntu,CVE-2019-3462,HIGH,https://avd.aquasec.com/nvd/cve-2019-3462,1.0.1ubuntu2.19,
rancher/istio-coredns-plugin:0.2-istio-1.1,bash,ubuntu,CVE-2014-6271,HIGH,https://avd.aquasec.com/nvd/cve-2014-6271,4.3-7ubuntu1.1,
rancher/istio-coredns-plugin:0.2-istio-1.1,bash,ubuntu,CVE-2014-7169,HIGH,https://avd.aquasec.com/nvd/cve-2014-7169,4.3-7ubuntu1.3,
rancher/istio-coredns-plugin:0.2-istio-1.1,gnupg,ubuntu,CVE-2016-6313,HIGH,https://avd.aquasec.com/nvd/cve-2016-6313,1.4.16-1ubuntu2.4,
rancher/istio-coredns-plugin:0.2-istio-1.1,libc-bin,ubuntu,CVE-2014-5119,HIGH,https://avd.aquasec.com/nvd/cve-2014-5119,2.19-0ubuntu6.3,
rancher/istio-coredns-plugin:0.2-istio-1.1,libc-bin,ubuntu,CVE-2015-7547,HIGH,https://avd.aquasec.com/nvd/cve-2015-7547,2.19-0ubuntu6.7,
rancher/istio-coredns-plugin:0.2-istio-1.1,libc-bin,ubuntu,CVE-2018-1000001,HIGH,https://avd.aquasec.com/nvd/cve-2018-1000001,2.19-0ubuntu6.14,
rancher/istio-coredns-plugin:0.2-istio-1.1,libssl1.0.0,ubuntu,CVE-2016-2107,HIGH,https://avd.aquasec.com/nvd/cve-2016-2107,1.0.1f-1ubuntu2.19,
rancher/istio-coredns-plugin:0.2-istio-1.1,libssl1.0.0,ubuntu,CVE-2016-2108,HIGH,https://avd.aquasec.com/nvd/cve-2016-2108,1.0.1f-1ubuntu2.19,
rancher/istio-coredns-plugin:0.2-istio-1.1,libssl1.0.0,ubuntu,CVE-2016-6304,HIGH,https://avd.aquasec.com/nvd/cve-2016-6304,1.0.1f-1ubuntu2.20,
rancher/istio-coredns-plugin:0.2-istio-1.1,sudo,ubuntu,CVE-2017-1000367,HIGH,https://avd.aquasec.com/nvd/cve-2017-1000367,1.8.9p5-1ubuntu1.4,
rancher/istio-galley:1.5.9,libssl1.1,ubuntu,CVE-2020-1971,HIGH,https://avd.aquasec.com/nvd/cve-2020-1971,1.1.1-1ubuntu2.1~18.04.7,
rancher/istio-galley:1.5.9,linux-tools-4.15.0-112,ubuntu,CVE-2020-12351,HIGH,https://avd.aquasec.com/nvd/cve-2020-12351,4.15.0-122.124,
rancher/istio-galley:1.5.9,linux-tools-4.15.0-112,ubuntu,CVE-2020-14386,HIGH,https://avd.aquasec.com/nvd/cve-2020-14386,4.15.0-117.118,
rancher/istio-galley:1.5.9,linux-tools-4.15.0-112,ubuntu,CVE-2020-16119,HIGH,https://avd.aquasec.com/nvd/cve-2020-16119,4.15.0-121.123,
rancher/istio-galley:1.5.9,linux-tools-4.15.0-112,ubuntu,CVE-2020-28374,HIGH,https://avd.aquasec.com/nvd/cve-2020-28374,4.15.0-132.136,
rancher/istio-install-cni:1.7.3,libssl1.1,ubuntu,CVE-2020-1971,HIGH,https://avd.aquasec.com/nvd/cve-2020-1971,1.1.1-1ubuntu2.1~18.04.7,
rancher/istio-install-cni:1.7.3,linux-tools-4.15.0-118,ubuntu,CVE-2020-12351,HIGH,https://avd.aquasec.com/nvd/cve-2020-12351,4.15.0-122.124,
rancher/istio-install-cni:1.7.3,linux-tools-4.15.0-118,ubuntu,CVE-2020-16119,HIGH,https://avd.aquasec.com/nvd/cve-2020-16119,4.15.0-121.123,
rancher/istio-install-cni:1.7.3,linux-tools-4.15.0-118,ubuntu,CVE-2020-28374,HIGH,https://avd.aquasec.com/nvd/cve-2020-28374,4.15.0-132.136,
rancher/istio-installer:1.7.3-rancher2,curl,alpine,CVE-2020-8231,HIGH,https://avd.aquasec.com/nvd/cve-2020-8231,7.69.1-r2,
rancher/istio-installer:1.7.3-rancher2,curl,alpine,CVE-2020-8285,HIGH,https://avd.aquasec.com/nvd/cve-2020-8285,7.69.1-r3,
rancher/istio-installer:1.7.3-rancher2,curl,alpine,CVE-2020-8286,HIGH,https://avd.aquasec.com/nvd/cve-2020-8286,7.69.1-r3,
rancher/istio-kubectl:1.4.6,libssl1.1,ubuntu,CVE-2020-1971,HIGH,https://avd.aquasec.com/nvd/cve-2020-1971,1.1.1-1ubuntu2.1~18.04.7,
rancher/istio-kubectl:1.4.6,linux-tools-4.15.0-76,ubuntu,CVE-2020-11884,HIGH,https://avd.aquasec.com/nvd/cve-2020-11884,4.15.0-99.100,
rancher/istio-kubectl:1.4.6,linux-tools-4.15.0-76,ubuntu,CVE-2020-12351,HIGH,https://avd.aquasec.com/nvd/cve-2020-12351,4.15.0-122.124,
rancher/istio-kubectl:1.4.6,linux-tools-4.15.0-76,ubuntu,CVE-2020-12654,HIGH,https://avd.aquasec.com/nvd/cve-2020-12654,4.15.0-96.97,
rancher/istio-kubectl:1.4.6,linux-tools-4.15.0-76,ubuntu,CVE-2020-14386,HIGH,https://avd.aquasec.com/nvd/cve-2020-14386,4.15.0-117.118,
rancher/istio-kubectl:1.4.6,linux-tools-4.15.0-76,ubuntu,CVE-2020-16119,HIGH,https://avd.aquasec.com/nvd/cve-2020-16119,4.15.0-121.123,
rancher/istio-kubectl:1.4.6,linux-tools-4.15.0-76,ubuntu,CVE-2020-28374,HIGH,https://avd.aquasec.com/nvd/cve-2020-28374,4.15.0-132.136,
rancher/istio-kubectl:1.5.10,libssl1.1,ubuntu,CVE-2020-1971,HIGH,https://avd.aquasec.com/nvd/cve-2020-1971,1.1.1-1ubuntu2.1~18.04.7,
rancher/istio-kubectl:1.5.10,linux-tools-4.15.0-112,ubuntu,CVE-2020-12351,HIGH,https://avd.aquasec.com/nvd/cve-2020-12351,4.15.0-122.124,
rancher/istio-kubectl:1.5.10,linux-tools-4.15.0-112,ubuntu,CVE-2020-14386,HIGH,https://avd.aquasec.com/nvd/cve-2020-14386,4.15.0-117.118,
rancher/istio-kubectl:1.5.10,linux-tools-4.15.0-112,ubuntu,CVE-2020-16119,HIGH,https://avd.aquasec.com/nvd/cve-2020-16119,4.15.0-121.123,
rancher/istio-kubectl:1.5.10,linux-tools-4.15.0-112,ubuntu,CVE-2020-28374,HIGH,https://avd.aquasec.com/nvd/cve-2020-28374,4.15.0-132.136,
rancher/istio-kubectl:1.5.9,libssl1.1,ubuntu,CVE-2020-1971,HIGH,https://avd.aquasec.com/nvd/cve-2020-1971,1.1.1-1ubuntu2.1~18.04.7,
rancher/istio-kubectl:1.5.9,linux-tools-4.15.0-112,ubuntu,CVE-2020-12351,HIGH,https://avd.aquasec.com/nvd/cve-2020-12351,4.15.0-122.124,
rancher/istio-kubectl:1.5.9,linux-tools-4.15.0-112,ubuntu,CVE-2020-14386,HIGH,https://avd.aquasec.com/nvd/cve-2020-14386,4.15.0-117.118,
rancher/istio-kubectl:1.5.9,linux-tools-4.15.0-112,ubuntu,CVE-2020-16119,HIGH,https://avd.aquasec.com/nvd/cve-2020-16119,4.15.0-121.123,
rancher/istio-kubectl:1.5.9,linux-tools-4.15.0-112,ubuntu,CVE-2020-28374,HIGH,https://avd.aquasec.com/nvd/cve-2020-28374,4.15.0-132.136,
rancher/istio-mixer:1.5.9,libssl1.1,ubuntu,CVE-2020-1971,HIGH,https://avd.aquasec.com/nvd/cve-2020-1971,1.1.1-1ubuntu2.1~18.04.7,
rancher/istio-mixer:1.5.9,linux-tools-4.15.0-112,ubuntu,CVE-2020-12351,HIGH,https://avd.aquasec.com/nvd/cve-2020-12351,4.15.0-122.124,
rancher/istio-mixer:1.5.9,linux-tools-4.15.0-112,ubuntu,CVE-2020-14386,HIGH,https://avd.aquasec.com/nvd/cve-2020-14386,4.15.0-117.118,
rancher/istio-mixer:1.5.9,linux-tools-4.15.0-112,ubuntu,CVE-2020-16119,HIGH,https://avd.aquasec.com/nvd/cve-2020-16119,4.15.0-121.123,
rancher/istio-mixer:1.5.9,linux-tools-4.15.0-112,ubuntu,CVE-2020-28374,HIGH,https://avd.aquasec.com/nvd/cve-2020-28374,4.15.0-132.136,
rancher/istio-node-agent-k8s:1.5.9,libssl1.1,ubuntu,CVE-2020-1971,HIGH,https://avd.aquasec.com/nvd/cve-2020-1971,1.1.1-1ubuntu2.1~18.04.7,
rancher/istio-node-agent-k8s:1.5.9,linux-tools-4.15.0-112,ubuntu,CVE-2020-12351,HIGH,https://avd.aquasec.com/nvd/cve-2020-12351,4.15.0-122.124,
rancher/istio-node-agent-k8s:1.5.9,linux-tools-4.15.0-112,ubuntu,CVE-2020-14386,HIGH,https://avd.aquasec.com/nvd/cve-2020-14386,4.15.0-117.118,
rancher/istio-node-agent-k8s:1.5.9,linux-tools-4.15.0-112,ubuntu,CVE-2020-16119,HIGH,https://avd.aquasec.com/nvd/cve-2020-16119,4.15.0-121.123,
rancher/istio-node-agent-k8s:1.5.9,linux-tools-4.15.0-112,ubuntu,CVE-2020-28374,HIGH,https://avd.aquasec.com/nvd/cve-2020-28374,4.15.0-132.136,
rancher/istio-pilot:1.5.9,libssl1.1,ubuntu,CVE-2020-1971,HIGH,https://avd.aquasec.com/nvd/cve-2020-1971,1.1.1-1ubuntu2.1~18.04.7,
rancher/istio-pilot:1.5.9,linux-tools-4.15.0-112,ubuntu,CVE-2020-12351,HIGH,https://avd.aquasec.com/nvd/cve-2020-12351,4.15.0-122.124,
rancher/istio-pilot:1.5.9,linux-tools-4.15.0-112,ubuntu,CVE-2020-14386,HIGH,https://avd.aquasec.com/nvd/cve-2020-14386,4.15.0-117.118,
rancher/istio-pilot:1.5.9,linux-tools-4.15.0-112,ubuntu,CVE-2020-16119,HIGH,https://avd.aquasec.com/nvd/cve-2020-16119,4.15.0-121.123,
rancher/istio-pilot:1.5.9,linux-tools-4.15.0-112,ubuntu,CVE-2020-28374,HIGH,https://avd.aquasec.com/nvd/cve-2020-28374,4.15.0-132.136,
rancher/istio-pilot:1.7.3,libssl1.1,ubuntu,CVE-2020-1971,HIGH,https://avd.aquasec.com/nvd/cve-2020-1971,1.1.1-1ubuntu2.1~18.04.7,
rancher/istio-pilot:1.7.3,linux-tools-4.15.0-118,ubuntu,CVE-2020-12351,HIGH,https://avd.aquasec.com/nvd/cve-2020-12351,4.15.0-122.124,
rancher/istio-pilot:1.7.3,linux-tools-4.15.0-118,ubuntu,CVE-2020-16119,HIGH,https://avd.aquasec.com/nvd/cve-2020-16119,4.15.0-121.123,
rancher/istio-pilot:1.7.3,linux-tools-4.15.0-118,ubuntu,CVE-2020-28374,HIGH,https://avd.aquasec.com/nvd/cve-2020-28374,4.15.0-132.136,
rancher/istio-proxyv2:1.5.9,libssl1.1,ubuntu,CVE-2020-1971,HIGH,https://avd.aquasec.com/nvd/cve-2020-1971,1.1.1-1ubuntu2.1~18.04.7,
rancher/istio-proxyv2:1.5.9,linux-tools-4.15.0-112,ubuntu,CVE-2020-12351,HIGH,https://avd.aquasec.com/nvd/cve-2020-12351,4.15.0-122.124,
rancher/istio-proxyv2:1.5.9,linux-tools-4.15.0-112,ubuntu,CVE-2020-14386,HIGH,https://avd.aquasec.com/nvd/cve-2020-14386,4.15.0-117.118,
rancher/istio-proxyv2:1.5.9,linux-tools-4.15.0-112,ubuntu,CVE-2020-16119,HIGH,https://avd.aquasec.com/nvd/cve-2020-16119,4.15.0-121.123,
rancher/istio-proxyv2:1.5.9,linux-tools-4.15.0-112,ubuntu,CVE-2020-28374,HIGH,https://avd.aquasec.com/nvd/cve-2020-28374,4.15.0-132.136,
rancher/istio-proxyv2:1.7.3,libssl1.1,ubuntu,CVE-2020-1971,HIGH,https://avd.aquasec.com/nvd/cve-2020-1971,1.1.1-1ubuntu2.1~18.04.7,
rancher/istio-proxyv2:1.7.3,linux-tools-4.15.0-118,ubuntu,CVE-2020-12351,HIGH,https://avd.aquasec.com/nvd/cve-2020-12351,4.15.0-122.124,
rancher/istio-proxyv2:1.7.3,linux-tools-4.15.0-118,ubuntu,CVE-2020-16119,HIGH,https://avd.aquasec.com/nvd/cve-2020-16119,4.15.0-121.123,
rancher/istio-proxyv2:1.7.3,linux-tools-4.15.0-118,ubuntu,CVE-2020-28374,HIGH,https://avd.aquasec.com/nvd/cve-2020-28374,4.15.0-132.136,
rancher/istio-sidecar_injector:1.5.9,libssl1.1,ubuntu,CVE-2020-1971,HIGH,https://avd.aquasec.com/nvd/cve-2020-1971,1.1.1-1ubuntu2.1~18.04.7,
rancher/istio-sidecar_injector:1.5.9,linux-tools-4.15.0-112,ubuntu,CVE-2020-12351,HIGH,https://avd.aquasec.com/nvd/cve-2020-12351,4.15.0-122.124,
rancher/istio-sidecar_injector:1.5.9,linux-tools-4.15.0-112,ubuntu,CVE-2020-14386,HIGH,https://avd.aquasec.com/nvd/cve-2020-14386,4.15.0-117.118,
rancher/istio-sidecar_injector:1.5.9,linux-tools-4.15.0-112,ubuntu,CVE-2020-16119,HIGH,https://avd.aquasec.com/nvd/cve-2020-16119,4.15.0-121.123,
rancher/istio-sidecar_injector:1.5.9,linux-tools-4.15.0-112,ubuntu,CVE-2020-28374,HIGH,https://avd.aquasec.com/nvd/cve-2020-28374,4.15.0-132.136,
rancher/jenkins-jnlp-slave:3.35-4,bsdutils,debian,CVE-2016-2779,HIGH,https://avd.aquasec.com/nvd/cve-2016-2779,,
rancher/jenkins-jnlp-slave:3.35-4,bzip2,debian,CVE-2019-12900,CRITICAL,https://avd.aquasec.com/nvd/cve-2019-12900,,
rancher/jenkins-jnlp-slave:3.35-4,curl,debian,CVE-2019-5481,CRITICAL,https://avd.aquasec.com/nvd/cve-2019-5481,7.52.1-5+deb9u10,
rancher/jenkins-jnlp-slave:3.35-4,curl,debian,CVE-2019-5482,CRITICAL,https://avd.aquasec.com/nvd/cve-2019-5482,7.52.1-5+deb9u10,
rancher/jenkins-jnlp-slave:3.35-4,curl,debian,CVE-2019-5436,HIGH,https://avd.aquasec.com/nvd/cve-2019-5436,7.52.1-5+deb9u10,
rancher/jenkins-jnlp-slave:3.35-4,curl,debian,CVE-2020-8177,HIGH,https://avd.aquasec.com/nvd/cve-2020-8177,7.52.1-5+deb9u11,
rancher/jenkins-jnlp-slave:3.35-4,curl,debian,CVE-2020-8231,HIGH,https://avd.aquasec.com/nvd/cve-2020-8231,7.52.1-5+deb9u12,
rancher/jenkins-jnlp-slave:3.35-4,curl,debian,CVE-2020-8285,HIGH,https://avd.aquasec.com/nvd/cve-2020-8285,7.52.1-5+deb9u13,
rancher/jenkins-jnlp-slave:3.35-4,curl,debian,CVE-2020-8286,HIGH,https://avd.aquasec.com/nvd/cve-2020-8286,7.52.1-5+deb9u13,
rancher/jenkins-jnlp-slave:3.35-4,dirmngr,debian,CVE-2018-1000858,HIGH,https://avd.aquasec.com/nvd/cve-2018-1000858,,
rancher/jenkins-jnlp-slave:3.35-4,gcc-6-base,debian,CVE-2018-12886,HIGH,https://avd.aquasec.com/nvd/cve-2018-12886,,
rancher/jenkins-jnlp-slave:3.35-4,git,debian,CVE-2019-1353,CRITICAL,https://avd.aquasec.com/nvd/cve-2019-1353,1:2.11.0-3+deb9u5,
rancher/jenkins-jnlp-slave:3.35-4,git,debian,CVE-2019-1349,HIGH,https://avd.aquasec.com/nvd/cve-2019-1349,1:2.11.0-3+deb9u5,
rancher/jenkins-jnlp-slave:3.35-4,git,debian,CVE-2019-1352,HIGH,https://avd.aquasec.com/nvd/cve-2019-1352,1:2.11.0-3+deb9u5,
rancher/jenkins-jnlp-slave:3.35-4,git,debian,CVE-2019-1387,HIGH,https://avd.aquasec.com/nvd/cve-2019-1387,1:2.11.0-3+deb9u5,
rancher/jenkins-jnlp-slave:3.35-4,git,debian,CVE-2020-11008,HIGH,https://avd.aquasec.com/nvd/cve-2020-11008,1:2.11.0-3+deb9u7,
rancher/jenkins-jnlp-slave:3.35-4,git,debian,CVE-2020-5260,HIGH,https://avd.aquasec.com/nvd/cve-2020-5260,1:2.11.0-3+deb9u6,
rancher/jenkins-jnlp-slave:3.35-4,libbsd0,debian,CVE-2019-20367,CRITICAL,https://avd.aquasec.com/nvd/cve-2019-20367,,
rancher/jenkins-jnlp-slave:3.35-4,libc-bin,debian,CVE-2018-6485,CRITICAL,https://avd.aquasec.com/nvd/cve-2018-6485,,
rancher/jenkins-jnlp-slave:3.35-4,libc-bin,debian,CVE-2018-6551,CRITICAL,https://avd.aquasec.com/nvd/cve-2018-6551,,
rancher/jenkins-jnlp-slave:3.35-4,libc-bin,debian,CVE-2019-9169,CRITICAL,https://avd.aquasec.com/nvd/cve-2019-9169,,
rancher/jenkins-jnlp-slave:3.35-4,libc-bin,debian,CVE-2009-5155,HIGH,https://avd.aquasec.com/nvd/cve-2009-5155,,
rancher/jenkins-jnlp-slave:3.35-4,libc-bin,debian,CVE-2018-1000001,HIGH,https://avd.aquasec.com/nvd/cve-2018-1000001,,
rancher/jenkins-jnlp-slave:3.35-4,libc-bin,debian,CVE-2020-1751,HIGH,https://avd.aquasec.com/nvd/cve-2020-1751,,
rancher/jenkins-jnlp-slave:3.35-4,libc-bin,debian,CVE-2020-1752,HIGH,https://avd.aquasec.com/nvd/cve-2020-1752,,
rancher/jenkins-jnlp-slave:3.35-4,libgnutls30,debian,CVE-2019-3829,HIGH,https://avd.aquasec.com/nvd/cve-2019-3829,3.5.8-5+deb9u5,
rancher/jenkins-jnlp-slave:3.35-4,libgssapi-krb5-2,debian,CVE-2020-28196,HIGH,https://avd.aquasec.com/nvd/cve-2020-28196,1.15-1+deb9u2,
rancher/jenkins-jnlp-slave:3.35-4,libldap-2.4-2,debian,CVE-2020-12243,HIGH,https://avd.aquasec.com/nvd/cve-2020-12243,2.4.44+dfsg-5+deb9u4,
rancher/jenkins-jnlp-slave:3.35-4,libldap-2.4-2,debian,CVE-2020-25692,HIGH,https://avd.aquasec.com/nvd/cve-2020-25692,2.4.44+dfsg-5+deb9u5,
rancher/jenkins-jnlp-slave:3.35-4,libldap-2.4-2,debian,CVE-2020-25709,HIGH,https://avd.aquasec.com/nvd/cve-2020-25709,2.4.44+dfsg-5+deb9u6,
rancher/jenkins-jnlp-slave:3.35-4,libldap-2.4-2,debian,CVE-2020-25710,HIGH,https://avd.aquasec.com/nvd/cve-2020-25710,2.4.44+dfsg-5+deb9u6,
rancher/jenkins-jnlp-slave:3.35-4,libp11-kit0,debian,CVE-2020-29361,HIGH,https://avd.aquasec.com/nvd/cve-2020-29361,0.23.3-2+deb9u1,
rancher/jenkins-jnlp-slave:3.35-4,libperl5.24,debian,CVE-2020-10543,HIGH,https://avd.aquasec.com/nvd/cve-2020-10543,5.24.1-3+deb9u7,
rancher/jenkins-jnlp-slave:3.35-4,libperl5.24,debian,CVE-2020-10878,HIGH,https://avd.aquasec.com/nvd/cve-2020-10878,5.24.1-3+deb9u7,
rancher/jenkins-jnlp-slave:3.35-4,libperl5.24,debian,CVE-2020-12723,HIGH,https://avd.aquasec.com/nvd/cve-2020-12723,5.24.1-3+deb9u7,
rancher/jenkins-jnlp-slave:3.35-4,libpng16-16,debian,CVE-2017-12652,CRITICAL,https://avd.aquasec.com/nvd/cve-2017-12652,,
rancher/jenkins-jnlp-slave:3.35-4,libpython2.7-minimal,debian,CVE-2019-9636,CRITICAL,https://avd.aquasec.com/nvd/cve-2019-9636,2.7.13-2+deb9u4,
rancher/jenkins-jnlp-slave:3.35-4,libpython2.7-minimal,debian,CVE-2019-9948,CRITICAL,https://avd.aquasec.com/nvd/cve-2019-9948,2.7.13-2+deb9u4,
rancher/jenkins-jnlp-slave:3.35-4,libpython2.7-minimal,debian,CVE-2019-16056,HIGH,https://avd.aquasec.com/nvd/cve-2019-16056,2.7.13-2+deb9u4,
rancher/jenkins-jnlp-slave:3.35-4,libpython2.7-minimal,debian,CVE-2019-5010,HIGH,https://avd.aquasec.com/nvd/cve-2019-5010,2.7.13-2+deb9u4,
rancher/jenkins-jnlp-slave:3.35-4,libsasl2-2,debian,CVE-2019-19906,HIGH,https://avd.aquasec.com/nvd/cve-2019-19906,2.1.27~101-g0780600+dfsg-3+deb9u1,
rancher/jenkins-jnlp-slave:3.35-4,libsqlite3-0,debian,CVE-2019-8457,CRITICAL,https://avd.aquasec.com/nvd/cve-2019-8457,,
rancher/jenkins-jnlp-slave:3.35-4,libsqlite3-0,debian,CVE-2018-20506,HIGH,https://avd.aquasec.com/nvd/cve-2018-20506,3.16.2-5+deb9u2,
rancher/jenkins-jnlp-slave:3.35-4,libsqlite3-0,debian,CVE-2018-8740,HIGH,https://avd.aquasec.com/nvd/cve-2018-8740,3.16.2-5+deb9u2,
rancher/jenkins-jnlp-slave:3.35-4,libsqlite3-0,debian,CVE-2019-20218,HIGH,https://avd.aquasec.com/nvd/cve-2019-20218,3.16.2-5+deb9u3,
rancher/jenkins-jnlp-slave:3.35-4,libsqlite3-0,debian,CVE-2019-9936,HIGH,https://avd.aquasec.com/nvd/cve-2019-9936,3.16.2-5+deb9u2,
rancher/jenkins-jnlp-slave:3.35-4,libsqlite3-0,debian,CVE-2019-9937,HIGH,https://avd.aquasec.com/nvd/cve-2019-9937,3.16.2-5+deb9u2,
rancher/jenkins-jnlp-slave:3.35-4,libsqlite3-0,debian,CVE-2020-11655,HIGH,https://avd.aquasec.com/nvd/cve-2020-11655,3.16.2-5+deb9u2,
rancher/jenkins-jnlp-slave:3.35-4,libsqlite3-0,debian,CVE-2020-13630,HIGH,https://avd.aquasec.com/nvd/cve-2020-13630,3.16.2-5+deb9u2,
rancher/jenkins-jnlp-slave:3.35-4,libsqlite3-0,debian,CVE-2020-13871,HIGH,https://avd.aquasec.com/nvd/cve-2020-13871,3.16.2-5+deb9u2,
rancher/jenkins-jnlp-slave:3.35-4,libssh2-1,debian,CVE-2019-13115,HIGH,https://avd.aquasec.com/nvd/cve-2019-13115,,
rancher/jenkins-jnlp-slave:3.35-4,libsystemd0,debian,CVE-2019-3843,HIGH,https://avd.aquasec.com/nvd/cve-2019-3843,,
rancher/jenkins-jnlp-slave:3.35-4,libsystemd0,debian,CVE-2019-3844,HIGH,https://avd.aquasec.com/nvd/cve-2019-3844,,
rancher/jenkins-jnlp-slave:3.35-4,libsystemd0,debian,CVE-2020-1712,HIGH,https://avd.aquasec.com/nvd/cve-2020-1712,,
rancher/jenkins-jnlp-slave:3.35-4,login,debian,CVE-2017-12424,CRITICAL,https://avd.aquasec.com/nvd/cve-2017-12424,,
rancher/jenkins-jnlp-slave:3.35-4,mercurial,debian,CVE-2017-17458,CRITICAL,https://avd.aquasec.com/nvd/cve-2017-17458,4.0-1+deb9u2,
rancher/jenkins-jnlp-slave:3.35-4,mercurial,debian,CVE-2018-1000132,CRITICAL,https://avd.aquasec.com/nvd/cve-2018-1000132,4.0-1+deb9u2,
rancher/jenkins-jnlp-slave:3.35-4,mercurial,debian,CVE-2018-13347,CRITICAL,https://avd.aquasec.com/nvd/cve-2018-13347,4.0-1+deb9u2,
rancher/jenkins-jnlp-slave:3.35-4,mercurial,debian,CVE-2018-13346,HIGH,https://avd.aquasec.com/nvd/cve-2018-13346,4.0-1+deb9u2,
rancher/jenkins-jnlp-slave:3.35-4,mercurial,debian,CVE-2018-13348,HIGH,https://avd.aquasec.com/nvd/cve-2018-13348,4.0-1+deb9u2,
rancher/jetstack-cert-manager-controller:v0.8.1,musl,alpine,CVE-2019-14697,CRITICAL,https://avd.aquasec.com/nvd/cve-2019-14697,1.1.19-r11,
rancher/jettech-kube-webhook-certgen:v1.2.1,libc6,debian,CVE-2018-6485,CRITICAL,https://avd.aquasec.com/nvd/cve-2018-6485,,
rancher/jettech-kube-webhook-certgen:v1.2.1,libc6,debian,CVE-2018-6551,CRITICAL,https://avd.aquasec.com/nvd/cve-2018-6551,,
rancher/jettech-kube-webhook-certgen:v1.2.1,libc6,debian,CVE-2019-9169,CRITICAL,https://avd.aquasec.com/nvd/cve-2019-9169,,
rancher/jettech-kube-webhook-certgen:v1.2.1,libc6,debian,CVE-2009-5155,HIGH,https://avd.aquasec.com/nvd/cve-2009-5155,,
rancher/jettech-kube-webhook-certgen:v1.2.1,libc6,debian,CVE-2018-1000001,HIGH,https://avd.aquasec.com/nvd/cve-2018-1000001,,
rancher/jettech-kube-webhook-certgen:v1.2.1,libc6,debian,CVE-2020-1751,HIGH,https://avd.aquasec.com/nvd/cve-2020-1751,,
rancher/jettech-kube-webhook-certgen:v1.2.1,libc6,debian,CVE-2020-1752,HIGH,https://avd.aquasec.com/nvd/cve-2020-1752,,
rancher/k8s-dns-dnsmasq-nanny:1.15.0,musl,alpine,CVE-2019-14697,CRITICAL,https://avd.aquasec.com/nvd/cve-2019-14697,1.1.19-r11,
rancher/k8s-dns-dnsmasq-nanny:1.15.10,gcc-6-base,debian,CVE-2018-12886,HIGH,https://avd.aquasec.com/nvd/cve-2018-12886,,
rancher/k8s-dns-dnsmasq-nanny:1.15.10,gpgv,debian,CVE-2018-1000858,HIGH,https://avd.aquasec.com/nvd/cve-2018-1000858,,
rancher/k8s-dns-dnsmasq-nanny:1.15.10,libbz2-1.0,debian,CVE-2019-12900,CRITICAL,https://avd.aquasec.com/nvd/cve-2019-12900,,
rancher/k8s-dns-dnsmasq-nanny:1.15.10,libc-bin,debian,CVE-2018-6485,CRITICAL,https://avd.aquasec.com/nvd/cve-2018-6485,,
rancher/k8s-dns-dnsmasq-nanny:1.15.10,libc-bin,debian,CVE-2018-6551,CRITICAL,https://avd.aquasec.com/nvd/cve-2018-6551,,
rancher/k8s-dns-dnsmasq-nanny:1.15.10,libc-bin,debian,CVE-2019-9169,CRITICAL,https://avd.aquasec.com/nvd/cve-2019-9169,,
rancher/k8s-dns-dnsmasq-nanny:1.15.10,libc-bin,debian,CVE-2009-5155,HIGH,https://avd.aquasec.com/nvd/cve-2009-5155,,
rancher/k8s-dns-dnsmasq-nanny:1.15.10,libc-bin,debian,CVE-2018-1000001,HIGH,https://avd.aquasec.com/nvd/cve-2018-1000001,,
rancher/k8s-dns-dnsmasq-nanny:1.15.10,libc-bin,debian,CVE-2020-1751,HIGH,https://avd.aquasec.com/nvd/cve-2020-1751,,
rancher/k8s-dns-dnsmasq-nanny:1.15.10,libc-bin,debian,CVE-2020-1752,HIGH,https://avd.aquasec.com/nvd/cve-2020-1752,,
rancher/k8s-dns-dnsmasq-nanny:1.15.10,libuuid1,debian,CVE-2016-2779,HIGH,https://avd.aquasec.com/nvd/cve-2016-2779,,
rancher/k8s-dns-dnsmasq-nanny:1.15.10,login,debian,CVE-2017-12424,CRITICAL,https://avd.aquasec.com/nvd/cve-2017-12424,,
rancher/k8s-dns-dnsmasq-nanny:1.15.10,perl-base,debian,CVE-2020-10543,HIGH,https://avd.aquasec.com/nvd/cve-2020-10543,5.24.1-3+deb9u7,
rancher/k8s-dns-dnsmasq-nanny:1.15.10,perl-base,debian,CVE-2020-10878,HIGH,https://avd.aquasec.com/nvd/cve-2020-10878,5.24.1-3+deb9u7,
rancher/k8s-dns-dnsmasq-nanny:1.15.10,perl-base,debian,CVE-2020-12723,HIGH,https://avd.aquasec.com/nvd/cve-2020-12723,5.24.1-3+deb9u7,
rancher/k8s-dns-dnsmasq-nanny:1.15.2,musl,alpine,CVE-2019-14697,CRITICAL,https://avd.aquasec.com/nvd/cve-2019-14697,1.1.19-r11,
rancher/k8s-dns-kube-dns:1.15.0,musl,alpine,CVE-2019-14697,CRITICAL,https://avd.aquasec.com/nvd/cve-2019-14697,1.1.19-r11,
rancher/k8s-dns-kube-dns:1.15.10,gcc-6-base,debian,CVE-2018-12886,HIGH,https://avd.aquasec.com/nvd/cve-2018-12886,,
rancher/k8s-dns-kube-dns:1.15.10,gpgv,debian,CVE-2018-1000858,HIGH,https://avd.aquasec.com/nvd/cve-2018-1000858,,
rancher/k8s-dns-kube-dns:1.15.10,libbz2-1.0,debian,CVE-2019-12900,CRITICAL,https://avd.aquasec.com/nvd/cve-2019-12900,,
rancher/k8s-dns-kube-dns:1.15.10,libc-bin,debian,CVE-2018-6485,CRITICAL,https://avd.aquasec.com/nvd/cve-2018-6485,,
rancher/k8s-dns-kube-dns:1.15.10,libc-bin,debian,CVE-2018-6551,CRITICAL,https://avd.aquasec.com/nvd/cve-2018-6551,,
rancher/k8s-dns-kube-dns:1.15.10,libc-bin,debian,CVE-2019-9169,CRITICAL,https://avd.aquasec.com/nvd/cve-2019-9169,,
rancher/k8s-dns-kube-dns:1.15.10,libc-bin,debian,CVE-2009-5155,HIGH,https://avd.aquasec.com/nvd/cve-2009-5155,,
rancher/k8s-dns-kube-dns:1.15.10,libc-bin,debian,CVE-2018-1000001,HIGH,https://avd.aquasec.com/nvd/cve-2018-1000001,,
rancher/k8s-dns-kube-dns:1.15.10,libc-bin,debian,CVE-2020-1751,HIGH,https://avd.aquasec.com/nvd/cve-2020-1751,,
rancher/k8s-dns-kube-dns:1.15.10,libc-bin,debian,CVE-2020-1752,HIGH,https://avd.aquasec.com/nvd/cve-2020-1752,,
rancher/k8s-dns-kube-dns:1.15.10,libuuid1,debian,CVE-2016-2779,HIGH,https://avd.aquasec.com/nvd/cve-2016-2779,,
rancher/k8s-dns-kube-dns:1.15.10,login,debian,CVE-2017-12424,CRITICAL,https://avd.aquasec.com/nvd/cve-2017-12424,,
rancher/k8s-dns-kube-dns:1.15.10,perl-base,debian,CVE-2020-10543,HIGH,https://avd.aquasec.com/nvd/cve-2020-10543,5.24.1-3+deb9u7,
rancher/k8s-dns-kube-dns:1.15.10,perl-base,debian,CVE-2020-10878,HIGH,https://avd.aquasec.com/nvd/cve-2020-10878,5.24.1-3+deb9u7,
rancher/k8s-dns-kube-dns:1.15.10,perl-base,debian,CVE-2020-12723,HIGH,https://avd.aquasec.com/nvd/cve-2020-12723,5.24.1-3+deb9u7,
rancher/k8s-dns-kube-dns:1.15.2,gcc-6-base,debian,CVE-2018-12886,HIGH,https://avd.aquasec.com/nvd/cve-2018-12886,,
rancher/k8s-dns-kube-dns:1.15.2,gpgv,debian,CVE-2018-1000858,HIGH,https://avd.aquasec.com/nvd/cve-2018-1000858,,
rancher/k8s-dns-kube-dns:1.15.2,libbz2-1.0,debian,CVE-2019-12900,CRITICAL,https://avd.aquasec.com/nvd/cve-2019-12900,,
rancher/k8s-dns-kube-dns:1.15.2,libc-bin,debian,CVE-2018-6485,CRITICAL,https://avd.aquasec.com/nvd/cve-2018-6485,,
rancher/k8s-dns-kube-dns:1.15.2,libc-bin,debian,CVE-2018-6551,CRITICAL,https://avd.aquasec.com/nvd/cve-2018-6551,,
rancher/k8s-dns-kube-dns:1.15.2,libc-bin,debian,CVE-2019-9169,CRITICAL,https://avd.aquasec.com/nvd/cve-2019-9169,,
rancher/k8s-dns-kube-dns:1.15.2,libc-bin,debian,CVE-2009-5155,HIGH,https://avd.aquasec.com/nvd/cve-2009-5155,,
rancher/k8s-dns-kube-dns:1.15.2,libc-bin,debian,CVE-2018-1000001,HIGH,https://avd.aquasec.com/nvd/cve-2018-1000001,,
rancher/k8s-dns-kube-dns:1.15.2,libc-bin,debian,CVE-2020-1751,HIGH,https://avd.aquasec.com/nvd/cve-2020-1751,,
rancher/k8s-dns-kube-dns:1.15.2,libc-bin,debian,CVE-2020-1752,HIGH,https://avd.aquasec.com/nvd/cve-2020-1752,,
rancher/k8s-dns-kube-dns:1.15.2,libuuid1,debian,CVE-2016-2779,HIGH,https://avd.aquasec.com/nvd/cve-2016-2779,,
rancher/k8s-dns-kube-dns:1.15.2,login,debian,CVE-2017-12424,CRITICAL,https://avd.aquasec.com/nvd/cve-2017-12424,,
rancher/k8s-dns-kube-dns:1.15.2,perl-base,debian,CVE-2020-10543,HIGH,https://avd.aquasec.com/nvd/cve-2020-10543,5.24.1-3+deb9u7,
rancher/k8s-dns-kube-dns:1.15.2,perl-base,debian,CVE-2020-10878,HIGH,https://avd.aquasec.com/nvd/cve-2020-10878,5.24.1-3+deb9u7,
rancher/k8s-dns-kube-dns:1.15.2,perl-base,debian,CVE-2020-12723,HIGH,https://avd.aquasec.com/nvd/cve-2020-12723,5.24.1-3+deb9u7,
rancher/k8s-dns-node-cache:1.15.13,gcc-8-base,debian,CVE-2018-12886,HIGH,https://avd.aquasec.com/nvd/cve-2018-12886,,
rancher/k8s-dns-node-cache:1.15.13,gcc-8-base,debian,CVE-2019-15847,HIGH,https://avd.aquasec.com/nvd/cve-2019-15847,,
rancher/k8s-dns-node-cache:1.15.13,libc-bin,debian,CVE-2020-1751,HIGH,https://avd.aquasec.com/nvd/cve-2020-1751,,
rancher/k8s-dns-node-cache:1.15.13,libc-bin,debian,CVE-2020-1752,HIGH,https://avd.aquasec.com/nvd/cve-2020-1752,,
rancher/k8s-dns-node-cache:1.15.13,libgnutls30,debian,CVE-2020-11501,HIGH,https://avd.aquasec.com/nvd/cve-2020-11501,3.6.7-4+deb10u3,
rancher/k8s-dns-node-cache:1.15.13,libgnutls30,debian,CVE-2020-13777,HIGH,https://avd.aquasec.com/nvd/cve-2020-13777,3.6.7-4+deb10u4,
rancher/k8s-dns-node-cache:1.15.13,libgnutls30,debian,CVE-2020-24659,HIGH,https://avd.aquasec.com/nvd/cve-2020-24659,,
rancher/k8s-dns-node-cache:1.15.13,libidn2-0,debian,CVE-2019-18224,CRITICAL,https://avd.aquasec.com/nvd/cve-2019-18224,2.0.5-1+deb10u1,
rancher/k8s-dns-node-cache:1.15.13,libidn2-0,debian,CVE-2019-12290,HIGH,https://avd.aquasec.com/nvd/cve-2019-12290,,
rancher/k8s-dns-node-cache:1.15.13,libp11-kit0,debian,CVE-2020-29361,HIGH,https://avd.aquasec.com/nvd/cve-2020-29361,0.23.15-2+deb10u1,
rancher/k8s-dns-node-cache:1.15.13,libp11-kit0,debian,CVE-2020-29363,HIGH,https://avd.aquasec.com/nvd/cve-2020-29363,0.23.15-2+deb10u1,
rancher/k8s-dns-node-cache:1.15.13,libsystemd0,debian,CVE-2019-3843,HIGH,https://avd.aquasec.com/nvd/cve-2019-3843,,
rancher/k8s-dns-node-cache:1.15.13,libsystemd0,debian,CVE-2019-3844,HIGH,https://avd.aquasec.com/nvd/cve-2019-3844,,
rancher/k8s-dns-node-cache:1.15.13,libsystemd0,debian,CVE-2020-1712,HIGH,https://avd.aquasec.com/nvd/cve-2020-1712,241-7~deb10u4,
rancher/k8s-dns-node-cache:1.15.13,perl-base,debian,CVE-2020-10543,HIGH,https://avd.aquasec.com/nvd/cve-2020-10543,5.28.1-6+deb10u1,
rancher/k8s-dns-node-cache:1.15.13,perl-base,debian,CVE-2020-10878,HIGH,https://avd.aquasec.com/nvd/cve-2020-10878,5.28.1-6+deb10u1,
rancher/k8s-dns-node-cache:1.15.13,perl-base,debian,CVE-2020-12723,HIGH,https://avd.aquasec.com/nvd/cve-2020-12723,5.28.1-6+deb10u1,
rancher/k8s-dns-node-cache:1.15.7,gcc-6-base,debian,CVE-2018-12886,HIGH,https://avd.aquasec.com/nvd/cve-2018-12886,,
rancher/k8s-dns-node-cache:1.15.7,gpgv,debian,CVE-2018-1000858,HIGH,https://avd.aquasec.com/nvd/cve-2018-1000858,,
rancher/k8s-dns-node-cache:1.15.7,libbz2-1.0,debian,CVE-2019-12900,CRITICAL,https://avd.aquasec.com/nvd/cve-2019-12900,,
rancher/k8s-dns-node-cache:1.15.7,libc-bin,debian,CVE-2018-6485,CRITICAL,https://avd.aquasec.com/nvd/cve-2018-6485,,
rancher/k8s-dns-node-cache:1.15.7,libc-bin,debian,CVE-2018-6551,CRITICAL,https://avd.aquasec.com/nvd/cve-2018-6551,,
rancher/k8s-dns-node-cache:1.15.7,libc-bin,debian,CVE-2019-9169,CRITICAL,https://avd.aquasec.com/nvd/cve-2019-9169,,
rancher/k8s-dns-node-cache:1.15.7,libc-bin,debian,CVE-2009-5155,HIGH,https://avd.aquasec.com/nvd/cve-2009-5155,,
rancher/k8s-dns-node-cache:1.15.7,libc-bin,debian,CVE-2018-1000001,HIGH,https://avd.aquasec.com/nvd/cve-2018-1000001,,
rancher/k8s-dns-node-cache:1.15.7,libc-bin,debian,CVE-2020-1751,HIGH,https://avd.aquasec.com/nvd/cve-2020-1751,,
rancher/k8s-dns-node-cache:1.15.7,libc-bin,debian,CVE-2020-1752,HIGH,https://avd.aquasec.com/nvd/cve-2020-1752,,
rancher/k8s-dns-node-cache:1.15.7,libuuid1,debian,CVE-2016-2779,HIGH,https://avd.aquasec.com/nvd/cve-2016-2779,,
rancher/k8s-dns-node-cache:1.15.7,login,debian,CVE-2017-12424,CRITICAL,https://avd.aquasec.com/nvd/cve-2017-12424,,
rancher/k8s-dns-node-cache:1.15.7,perl-base,debian,CVE-2020-10543,HIGH,https://avd.aquasec.com/nvd/cve-2020-10543,5.24.1-3+deb9u7,
rancher/k8s-dns-node-cache:1.15.7,perl-base,debian,CVE-2020-10878,HIGH,https://avd.aquasec.com/nvd/cve-2020-10878,5.24.1-3+deb9u7,
rancher/k8s-dns-node-cache:1.15.7,perl-base,debian,CVE-2020-12723,HIGH,https://avd.aquasec.com/nvd/cve-2020-12723,5.24.1-3+deb9u7,
rancher/k8s-dns-sidecar:1.15.0,musl,alpine,CVE-2019-14697,CRITICAL,https://avd.aquasec.com/nvd/cve-2019-14697,1.1.19-r11,
rancher/k8s-dns-sidecar:1.15.10,gcc-6-base,debian,CVE-2018-12886,HIGH,https://avd.aquasec.com/nvd/cve-2018-12886,,
rancher/k8s-dns-sidecar:1.15.10,gpgv,debian,CVE-2018-1000858,HIGH,https://avd.aquasec.com/nvd/cve-2018-1000858,,
rancher/k8s-dns-sidecar:1.15.10,libbz2-1.0,debian,CVE-2019-12900,CRITICAL,https://avd.aquasec.com/nvd/cve-2019-12900,,
rancher/k8s-dns-sidecar:1.15.10,libc-bin,debian,CVE-2018-6485,CRITICAL,https://avd.aquasec.com/nvd/cve-2018-6485,,
rancher/k8s-dns-sidecar:1.15.10,libc-bin,debian,CVE-2018-6551,CRITICAL,https://avd.aquasec.com/nvd/cve-2018-6551,,
rancher/k8s-dns-sidecar:1.15.10,libc-bin,debian,CVE-2019-9169,CRITICAL,https://avd.aquasec.com/nvd/cve-2019-9169,,
rancher/k8s-dns-sidecar:1.15.10,libc-bin,debian,CVE-2009-5155,HIGH,https://avd.aquasec.com/nvd/cve-2009-5155,,
rancher/k8s-dns-sidecar:1.15.10,libc-bin,debian,CVE-2018-1000001,HIGH,https://avd.aquasec.com/nvd/cve-2018-1000001,,
rancher/k8s-dns-sidecar:1.15.10,libc-bin,debian,CVE-2020-1751,HIGH,https://avd.aquasec.com/nvd/cve-2020-1751,,
rancher/k8s-dns-sidecar:1.15.10,libc-bin,debian,CVE-2020-1752,HIGH,https://avd.aquasec.com/nvd/cve-2020-1752,,
rancher/k8s-dns-sidecar:1.15.10,libuuid1,debian,CVE-2016-2779,HIGH,https://avd.aquasec.com/nvd/cve-2016-2779,,
rancher/k8s-dns-sidecar:1.15.10,login,debian,CVE-2017-12424,CRITICAL,https://avd.aquasec.com/nvd/cve-2017-12424,,
rancher/k8s-dns-sidecar:1.15.10,perl-base,debian,CVE-2020-10543,HIGH,https://avd.aquasec.com/nvd/cve-2020-10543,5.24.1-3+deb9u7,
rancher/k8s-dns-sidecar:1.15.10,perl-base,debian,CVE-2020-10878,HIGH,https://avd.aquasec.com/nvd/cve-2020-10878,5.24.1-3+deb9u7,
rancher/k8s-dns-sidecar:1.15.10,perl-base,debian,CVE-2020-12723,HIGH,https://avd.aquasec.com/nvd/cve-2020-12723,5.24.1-3+deb9u7,
rancher/k8s-dns-sidecar:1.15.2,gcc-6-base,debian,CVE-2018-12886,HIGH,https://avd.aquasec.com/nvd/cve-2018-12886,,
rancher/k8s-dns-sidecar:1.15.2,gpgv,debian,CVE-2018-1000858,HIGH,https://avd.aquasec.com/nvd/cve-2018-1000858,,
rancher/k8s-dns-sidecar:1.15.2,libbz2-1.0,debian,CVE-2019-12900,CRITICAL,https://avd.aquasec.com/nvd/cve-2019-12900,,
rancher/k8s-dns-sidecar:1.15.2,libc-bin,debian,CVE-2018-6485,CRITICAL,https://avd.aquasec.com/nvd/cve-2018-6485,,
rancher/k8s-dns-sidecar:1.15.2,libc-bin,debian,CVE-2018-6551,CRITICAL,https://avd.aquasec.com/nvd/cve-2018-6551,,
rancher/k8s-dns-sidecar:1.15.2,libc-bin,debian,CVE-2019-9169,CRITICAL,https://avd.aquasec.com/nvd/cve-2019-9169,,
rancher/k8s-dns-sidecar:1.15.2,libc-bin,debian,CVE-2009-5155,HIGH,https://avd.aquasec.com/nvd/cve-2009-5155,,
rancher/k8s-dns-sidecar:1.15.2,libc-bin,debian,CVE-2018-1000001,HIGH,https://avd.aquasec.com/nvd/cve-2018-1000001,,
rancher/k8s-dns-sidecar:1.15.2,libc-bin,debian,CVE-2020-1751,HIGH,https://avd.aquasec.com/nvd/cve-2020-1751,,
rancher/k8s-dns-sidecar:1.15.2,libc-bin,debian,CVE-2020-1752,HIGH,https://avd.aquasec.com/nvd/cve-2020-1752,,
rancher/k8s-dns-sidecar:1.15.2,libuuid1,debian,CVE-2016-2779,HIGH,https://avd.aquasec.com/nvd/cve-2016-2779,,
rancher/k8s-dns-sidecar:1.15.2,login,debian,CVE-2017-12424,CRITICAL,https://avd.aquasec.com/nvd/cve-2017-12424,,
rancher/k8s-dns-sidecar:1.15.2,perl-base,debian,CVE-2020-10543,HIGH,https://avd.aquasec.com/nvd/cve-2020-10543,5.24.1-3+deb9u7,
rancher/k8s-dns-sidecar:1.15.2,perl-base,debian,CVE-2020-10878,HIGH,https://avd.aquasec.com/nvd/cve-2020-10878,5.24.1-3+deb9u7,
rancher/k8s-dns-sidecar:1.15.2,perl-base,debian,CVE-2020-12723,HIGH,https://avd.aquasec.com/nvd/cve-2020-12723,5.24.1-3+deb9u7,
rancher/kiali-kiali:v1.17,glib2,redhat,CVE-2015-8385,HIGH,https://avd.aquasec.com/nvd/cve-2015-8385,,
rancher/kiali-kiali:v1.17,glib2,redhat,CVE-2016-3191,HIGH,https://avd.aquasec.com/nvd/cve-2016-3191,,
rancher/kiali-kiali:v1.17,glibc,redhat,CVE-2019-25013,HIGH,https://avd.aquasec.com/nvd/cve-2019-25013,,
rancher/kiali-kiali:v1.17,librepo,redhat,CVE-2020-14352,HIGH,https://avd.aquasec.com/nvd/cve-2020-14352,1.8.1-8.el7_9,
rancher/kiali-kiali:v1.17,openssl-libs,redhat,CVE-2020-1971,HIGH,https://avd.aquasec.com/nvd/cve-2020-1971,1:1.0.2k-21.el7_9,
rancher/kiali-kiali:v1.17,sqlite,redhat,CVE-2019-5827,HIGH,https://avd.aquasec.com/nvd/cve-2019-5827,,
rancher/kiali-kiali:v1.24.0,glib2,redhat,CVE-2015-8385,HIGH,https://avd.aquasec.com/nvd/cve-2015-8385,,
rancher/kiali-kiali:v1.24.0,glib2,redhat,CVE-2016-3191,HIGH,https://avd.aquasec.com/nvd/cve-2016-3191,,
rancher/kiali-kiali:v1.24.0,glibc,redhat,CVE-2019-25013,HIGH,https://avd.aquasec.com/nvd/cve-2019-25013,,
rancher/kiali-kiali:v1.24.0,librepo,redhat,CVE-2020-14352,HIGH,https://avd.aquasec.com/nvd/cve-2020-14352,1.8.1-8.el7_9,
rancher/kiali-kiali:v1.24.0,openssl-libs,redhat,CVE-2020-1971,HIGH,https://avd.aquasec.com/nvd/cve-2020-1971,1:1.0.2k-21.el7_9,
rancher/kiali-kiali:v1.24.0,sqlite,redhat,CVE-2019-5827,HIGH,https://avd.aquasec.com/nvd/cve-2019-5827,,
rancher/kiwigrid-k8s-sidecar:0.1.151,krb5-libs,alpine,CVE-2020-28196,HIGH,https://avd.aquasec.com/nvd/cve-2020-28196,1.17.2-r0,
rancher/kiwigrid-k8s-sidecar:0.1.151,sqlite-libs,alpine,CVE-2020-11655,HIGH,https://avd.aquasec.com/nvd/cve-2020-11655,3.30.1-r2,
rancher/klipper-helm:v0.2.3,git,alpine,CVE-2020-11008,HIGH,https://avd.aquasec.com/nvd/cve-2020-11008,2.18.4-r0,
rancher/klipper-helm:v0.2.3,git,alpine,CVE-2020-5260,HIGH,https://avd.aquasec.com/nvd/cve-2020-5260,2.18.3-r0,
rancher/klipper-helm:v0.2.3,musl,alpine,CVE-2019-14697,CRITICAL,https://avd.aquasec.com/nvd/cve-2019-14697,1.1.19-r11,
rancher/klipper-lb:v0.1.2,musl,alpine,CVE-2019-14697,CRITICAL,https://avd.aquasec.com/nvd/cve-2019-14697,1.1.19-r11,
rancher/kube-api-auth:v0.1.4,libcrypto1.1,alpine,CVE-2020-1967,HIGH,https://avd.aquasec.com/nvd/cve-2020-1967,1.1.1g-r0,
rancher/kube-rbac-proxy:v0.5.0,libcrypto1.1,alpine,CVE-2020-1967,HIGH,https://avd.aquasec.com/nvd/cve-2020-1967,1.1.1g-r0,
rancher/library-nginx:1.19.2-alpine,curl,alpine,CVE-2020-8169,HIGH,https://avd.aquasec.com/nvd/cve-2020-8169,7.69.1-r1,
rancher/library-nginx:1.19.2-alpine,curl,alpine,CVE-2020-8177,HIGH,https://avd.aquasec.com/nvd/cve-2020-8177,7.69.1-r1,
rancher/library-nginx:1.19.2-alpine,curl,alpine,CVE-2020-8231,HIGH,https://avd.aquasec.com/nvd/cve-2020-8231,7.69.1-r2,
rancher/library-nginx:1.19.2-alpine,curl,alpine,CVE-2020-8285,HIGH,https://avd.aquasec.com/nvd/cve-2020-8285,7.69.1-r3,
rancher/library-nginx:1.19.2-alpine,curl,alpine,CVE-2020-8286,HIGH,https://avd.aquasec.com/nvd/cve-2020-8286,7.69.1-r3,
rancher/local-path-provisioner:v0.0.11,libcrypto1.1,alpine,CVE-2020-1967,HIGH,https://avd.aquasec.com/nvd/cve-2020-1967,1.1.1g-r0,
rancher/longhornio-longhorn-ui:v1.1.0,curl,alpine,CVE-2020-8231,HIGH,https://avd.aquasec.com/nvd/cve-2020-8231,7.69.1-r2,
rancher/longhornio-longhorn-ui:v1.1.0,curl,alpine,CVE-2020-8285,HIGH,https://avd.aquasec.com/nvd/cve-2020-8285,7.69.1-r3,
rancher/longhornio-longhorn-ui:v1.1.0,curl,alpine,CVE-2020-8286,HIGH,https://avd.aquasec.com/nvd/cve-2020-8286,7.69.1-r3,
rancher/minio-minio:RELEASE.2020-07-13T18-09-56Z,curl,alpine,CVE-2020-8169,HIGH,https://avd.aquasec.com/nvd/cve-2020-8169,7.69.1-r1,
rancher/minio-minio:RELEASE.2020-07-13T18-09-56Z,curl,alpine,CVE-2020-8177,HIGH,https://avd.aquasec.com/nvd/cve-2020-8177,7.69.1-r1,
rancher/minio-minio:RELEASE.2020-07-13T18-09-56Z,curl,alpine,CVE-2020-8231,HIGH,https://avd.aquasec.com/nvd/cve-2020-8231,7.69.1-r2,
rancher/minio-minio:RELEASE.2020-07-13T18-09-56Z,curl,alpine,CVE-2020-8285,HIGH,https://avd.aquasec.com/nvd/cve-2020-8285,7.69.1-r3,
rancher/minio-minio:RELEASE.2020-07-13T18-09-56Z,curl,alpine,CVE-2020-8286,HIGH,https://avd.aquasec.com/nvd/cve-2020-8286,7.69.1-r3,
rancher/nginx-ingress-controller:nginx-0.35.0-rancher2,curl,alpine,CVE-2020-8231,HIGH,https://avd.aquasec.com/nvd/cve-2020-8231,7.67.0-r2,
rancher/nginx-ingress-controller:nginx-0.35.0-rancher2,curl,alpine,CVE-2020-8285,HIGH,https://avd.aquasec.com/nvd/cve-2020-8285,7.67.0-r3,
rancher/nginx-ingress-controller:nginx-0.35.0-rancher2,curl,alpine,CVE-2020-8286,HIGH,https://avd.aquasec.com/nvd/cve-2020-8286,7.67.0-r3,
rancher/openzipkin-zipkin:2.14.2,libc6,debian,CVE-2018-6485,CRITICAL,https://avd.aquasec.com/nvd/cve-2018-6485,,
rancher/openzipkin-zipkin:2.14.2,libc6,debian,CVE-2018-6551,CRITICAL,https://avd.aquasec.com/nvd/cve-2018-6551,,
rancher/openzipkin-zipkin:2.14.2,libc6,debian,CVE-2019-9169,CRITICAL,https://avd.aquasec.com/nvd/cve-2019-9169,,
rancher/openzipkin-zipkin:2.14.2,libc6,debian,CVE-2009-5155,HIGH,https://avd.aquasec.com/nvd/cve-2009-5155,,
rancher/openzipkin-zipkin:2.14.2,libc6,debian,CVE-2018-1000001,HIGH,https://avd.aquasec.com/nvd/cve-2018-1000001,,
rancher/openzipkin-zipkin:2.14.2,libc6,debian,CVE-2020-1751,HIGH,https://avd.aquasec.com/nvd/cve-2020-1751,,
rancher/openzipkin-zipkin:2.14.2,libc6,debian,CVE-2020-1752,HIGH,https://avd.aquasec.com/nvd/cve-2020-1752,,
rancher/openzipkin-zipkin:2.14.2,libexpat1,debian,CVE-2018-20843,HIGH,https://avd.aquasec.com/nvd/cve-2018-20843,2.2.0-2+deb9u2,
rancher/openzipkin-zipkin:2.14.2,libgcc1,debian,CVE-2018-12886,HIGH,https://avd.aquasec.com/nvd/cve-2018-12886,,
rancher/openzipkin-zipkin:2.14.2,libjpeg62-turbo,debian,CVE-2020-13790,HIGH,https://avd.aquasec.com/nvd/cve-2020-13790,1:1.5.1-2+deb9u1,
rancher/openzipkin-zipkin:2.14.2,libjpeg62-turbo,debian,CVE-2020-14152,HIGH,https://avd.aquasec.com/nvd/cve-2020-14152,1:1.5.1-2+deb9u1,
rancher/openzipkin-zipkin:2.14.2,libpng16-16,debian,CVE-2017-12652,CRITICAL,https://avd.aquasec.com/nvd/cve-2017-12652,,
rancher/openzipkin-zipkin:2.14.2,libssl1.1,debian,CVE-2019-1543,HIGH,https://avd.aquasec.com/nvd/cve-2019-1543,1.1.0k-1~deb9u1,
rancher/pipeline-jenkins-server:v0.1.4,bsdutils,debian,CVE-2016-2779,HIGH,https://avd.aquasec.com/nvd/cve-2016-2779,,
rancher/pipeline-jenkins-server:v0.1.4,curl,debian,CVE-2019-5481,CRITICAL,https://avd.aquasec.com/nvd/cve-2019-5481,7.52.1-5+deb9u10,
rancher/pipeline-jenkins-server:v0.1.4,curl,debian,CVE-2019-5482,CRITICAL,https://avd.aquasec.com/nvd/cve-2019-5482,7.52.1-5+deb9u10,
rancher/pipeline-jenkins-server:v0.1.4,curl,debian,CVE-2019-5436,HIGH,https://avd.aquasec.com/nvd/cve-2019-5436,7.52.1-5+deb9u10,
rancher/pipeline-jenkins-server:v0.1.4,curl,debian,CVE-2020-8177,HIGH,https://avd.aquasec.com/nvd/cve-2020-8177,7.52.1-5+deb9u11,
rancher/pipeline-jenkins-server:v0.1.4,curl,debian,CVE-2020-8231,HIGH,https://avd.aquasec.com/nvd/cve-2020-8231,7.52.1-5+deb9u12,
rancher/pipeline-jenkins-server:v0.1.4,curl,debian,CVE-2020-8285,HIGH,https://avd.aquasec.com/nvd/cve-2020-8285,7.52.1-5+deb9u13,
rancher/pipeline-jenkins-server:v0.1.4,curl,debian,CVE-2020-8286,HIGH,https://avd.aquasec.com/nvd/cve-2020-8286,7.52.1-5+deb9u13,
rancher/pipeline-jenkins-server:v0.1.4,dirmngr,debian,CVE-2018-1000858,HIGH,https://avd.aquasec.com/nvd/cve-2018-1000858,,
rancher/pipeline-jenkins-server:v0.1.4,gcc-6-base,debian,CVE-2018-12886,HIGH,https://avd.aquasec.com/nvd/cve-2018-12886,,
rancher/pipeline-jenkins-server:v0.1.4,git,debian,CVE-2019-1353,CRITICAL,https://avd.aquasec.com/nvd/cve-2019-1353,1:2.11.0-3+deb9u5,
rancher/pipeline-jenkins-server:v0.1.4,git,debian,CVE-2019-1349,HIGH,https://avd.aquasec.com/nvd/cve-2019-1349,1:2.11.0-3+deb9u5,
rancher/pipeline-jenkins-server:v0.1.4,git,debian,CVE-2019-1352,HIGH,https://avd.aquasec.com/nvd/cve-2019-1352,1:2.11.0-3+deb9u5,
rancher/pipeline-jenkins-server:v0.1.4,git,debian,CVE-2019-1387,HIGH,https://avd.aquasec.com/nvd/cve-2019-1387,1:2.11.0-3+deb9u5,
rancher/pipeline-jenkins-server:v0.1.4,git,debian,CVE-2020-11008,HIGH,https://avd.aquasec.com/nvd/cve-2020-11008,1:2.11.0-3+deb9u7,
rancher/pipeline-jenkins-server:v0.1.4,git,debian,CVE-2020-5260,HIGH,https://avd.aquasec.com/nvd/cve-2020-5260,1:2.11.0-3+deb9u6,
rancher/pipeline-jenkins-server:v0.1.4,krb5-locales,debian,CVE-2020-28196,HIGH,https://avd.aquasec.com/nvd/cve-2020-28196,1.15-1+deb9u2,
rancher/pipeline-jenkins-server:v0.1.4,libbsd0,debian,CVE-2019-20367,CRITICAL,https://avd.aquasec.com/nvd/cve-2019-20367,,
rancher/pipeline-jenkins-server:v0.1.4,libbz2-1.0,debian,CVE-2019-12900,CRITICAL,https://avd.aquasec.com/nvd/cve-2019-12900,,
rancher/pipeline-jenkins-server:v0.1.4,libc-bin,debian,CVE-2018-6485,CRITICAL,https://avd.aquasec.com/nvd/cve-2018-6485,,
rancher/pipeline-jenkins-server:v0.1.4,libc-bin,debian,CVE-2018-6551,CRITICAL,https://avd.aquasec.com/nvd/cve-2018-6551,,
rancher/pipeline-jenkins-server:v0.1.4,libc-bin,debian,CVE-2019-9169,CRITICAL,https://avd.aquasec.com/nvd/cve-2019-9169,,
rancher/pipeline-jenkins-server:v0.1.4,libc-bin,debian,CVE-2009-5155,HIGH,https://avd.aquasec.com/nvd/cve-2009-5155,,
rancher/pipeline-jenkins-server:v0.1.4,libc-bin,debian,CVE-2018-1000001,HIGH,https://avd.aquasec.com/nvd/cve-2018-1000001,,
rancher/pipeline-jenkins-server:v0.1.4,libc-bin,debian,CVE-2020-1751,HIGH,https://avd.aquasec.com/nvd/cve-2020-1751,,
rancher/pipeline-jenkins-server:v0.1.4,libc-bin,debian,CVE-2020-1752,HIGH,https://avd.aquasec.com/nvd/cve-2020-1752,,
rancher/pipeline-jenkins-server:v0.1.4,libexpat1,debian,CVE-2018-20843,HIGH,https://avd.aquasec.com/nvd/cve-2018-20843,2.2.0-2+deb9u2,
rancher/pipeline-jenkins-server:v0.1.4,libgnutls30,debian,CVE-2019-3829,HIGH,https://avd.aquasec.com/nvd/cve-2019-3829,3.5.8-5+deb9u5,
rancher/pipeline-jenkins-server:v0.1.4,libldap-2.4-2,debian,CVE-2019-13565,HIGH,https://avd.aquasec.com/nvd/cve-2019-13565,2.4.44+dfsg-5+deb9u3,
rancher/pipeline-jenkins-server:v0.1.4,libldap-2.4-2,debian,CVE-2020-12243,HIGH,https://avd.aquasec.com/nvd/cve-2020-12243,2.4.44+dfsg-5+deb9u4,
rancher/pipeline-jenkins-server:v0.1.4,libldap-2.4-2,debian,CVE-2020-25692,HIGH,https://avd.aquasec.com/nvd/cve-2020-25692,2.4.44+dfsg-5+deb9u5,
rancher/pipeline-jenkins-server:v0.1.4,libldap-2.4-2,debian,CVE-2020-25709,HIGH,https://avd.aquasec.com/nvd/cve-2020-25709,2.4.44+dfsg-5+deb9u6,
rancher/pipeline-jenkins-server:v0.1.4,libldap-2.4-2,debian,CVE-2020-25710,HIGH,https://avd.aquasec.com/nvd/cve-2020-25710,2.4.44+dfsg-5+deb9u6,
rancher/pipeline-jenkins-server:v0.1.4,libnghttp2-14,debian,CVE-2019-9511,HIGH,https://avd.aquasec.com/nvd/cve-2019-9511,1.18.1-1+deb9u1,
rancher/pipeline-jenkins-server:v0.1.4,libnghttp2-14,debian,CVE-2019-9513,HIGH,https://avd.aquasec.com/nvd/cve-2019-9513,1.18.1-1+deb9u1,
rancher/pipeline-jenkins-server:v0.1.4,libp11-kit0,debian,CVE-2020-29361,HIGH,https://avd.aquasec.com/nvd/cve-2020-29361,0.23.3-2+deb9u1,
rancher/pipeline-jenkins-server:v0.1.4,libperl5.24,debian,CVE-2020-10543,HIGH,https://avd.aquasec.com/nvd/cve-2020-10543,5.24.1-3+deb9u7,
rancher/pipeline-jenkins-server:v0.1.4,libperl5.24,debian,CVE-2020-10878,HIGH,https://avd.aquasec.com/nvd/cve-2020-10878,5.24.1-3+deb9u7,
rancher/pipeline-jenkins-server:v0.1.4,libperl5.24,debian,CVE-2020-12723,HIGH,https://avd.aquasec.com/nvd/cve-2020-12723,5.24.1-3+deb9u7,
rancher/pipeline-jenkins-server:v0.1.4,libpng16-16,debian,CVE-2017-12652,CRITICAL,https://avd.aquasec.com/nvd/cve-2017-12652,,
rancher/pipeline-jenkins-server:v0.1.4,libsasl2-2,debian,CVE-2019-19906,HIGH,https://avd.aquasec.com/nvd/cve-2019-19906,2.1.27~101-g0780600+dfsg-3+deb9u1,
rancher/pipeline-jenkins-server:v0.1.4,libsqlite3-0,debian,CVE-2019-8457,CRITICAL,https://avd.aquasec.com/nvd/cve-2019-8457,,
rancher/pipeline-jenkins-server:v0.1.4,libsqlite3-0,debian,CVE-2018-20506,HIGH,https://avd.aquasec.com/nvd/cve-2018-20506,3.16.2-5+deb9u2,
rancher/pipeline-jenkins-server:v0.1.4,libsqlite3-0,debian,CVE-2018-8740,HIGH,https://avd.aquasec.com/nvd/cve-2018-8740,3.16.2-5+deb9u2,
rancher/pipeline-jenkins-server:v0.1.4,libsqlite3-0,debian,CVE-2019-20218,HIGH,https://avd.aquasec.com/nvd/cve-2019-20218,3.16.2-5+deb9u3,
rancher/pipeline-jenkins-server:v0.1.4,libsqlite3-0,debian,CVE-2019-9936,HIGH,https://avd.aquasec.com/nvd/cve-2019-9936,3.16.2-5+deb9u2,
rancher/pipeline-jenkins-server:v0.1.4,libsqlite3-0,debian,CVE-2019-9937,HIGH,https://avd.aquasec.com/nvd/cve-2019-9937,3.16.2-5+deb9u2,
rancher/pipeline-jenkins-server:v0.1.4,libsqlite3-0,debian,CVE-2020-11655,HIGH,https://avd.aquasec.com/nvd/cve-2020-11655,3.16.2-5+deb9u2,
rancher/pipeline-jenkins-server:v0.1.4,libsqlite3-0,debian,CVE-2020-13630,HIGH,https://avd.aquasec.com/nvd/cve-2020-13630,3.16.2-5+deb9u2,
rancher/pipeline-jenkins-server:v0.1.4,libsqlite3-0,debian,CVE-2020-13871,HIGH,https://avd.aquasec.com/nvd/cve-2020-13871,3.16.2-5+deb9u2,
rancher/pipeline-jenkins-server:v0.1.4,libssh2-1,debian,CVE-2019-13115,HIGH,https://avd.aquasec.com/nvd/cve-2019-13115,,
rancher/pipeline-jenkins-server:v0.1.4,libssl1.1,debian,CVE-2019-1543,HIGH,https://avd.aquasec.com/nvd/cve-2019-1543,1.1.0k-1~deb9u1,
rancher/pipeline-jenkins-server:v0.1.4,libsystemd0,debian,CVE-2019-3843,HIGH,https://avd.aquasec.com/nvd/cve-2019-3843,,
rancher/pipeline-jenkins-server:v0.1.4,libsystemd0,debian,CVE-2019-3844,HIGH,https://avd.aquasec.com/nvd/cve-2019-3844,,
rancher/pipeline-jenkins-server:v0.1.4,libsystemd0,debian,CVE-2020-1712,HIGH,https://avd.aquasec.com/nvd/cve-2020-1712,,
rancher/pipeline-jenkins-server:v0.1.4,libx11-6,debian,CVE-2020-14363,HIGH,https://avd.aquasec.com/nvd/cve-2020-14363,2:1.6.4-3+deb9u3,
rancher/pipeline-jenkins-server:v0.1.4,login,debian,CVE-2017-12424,CRITICAL,https://avd.aquasec.com/nvd/cve-2017-12424,,
rancher/pipeline-jenkins-server:v0.1.4,patch,debian,CVE-2018-20969,HIGH,https://avd.aquasec.com/nvd/cve-2018-20969,2.7.5-1+deb9u2,
rancher/pipeline-jenkins-server:v0.1.4,patch,debian,CVE-2019-13638,HIGH,https://avd.aquasec.com/nvd/cve-2019-13638,2.7.5-1+deb9u2,
rancher/pipeline-jenkins-server:v0.1.4,rsync,debian,CVE-2018-5764,HIGH,https://avd.aquasec.com/nvd/cve-2018-5764,,
rancher/pipeline-tools:v0.1.15,libbz2,alpine,CVE-2019-12900,CRITICAL,https://avd.aquasec.com/nvd/cve-2019-12900,1.0.6-r7,
rancher/pipeline-tools:v0.1.15,libgd,alpine,CVE-2019-6978,CRITICAL,https://avd.aquasec.com/nvd/cve-2019-6978,2.2.5-r2,
rancher/pipeline-tools:v0.1.15,libgd,alpine,CVE-2018-1000222,HIGH,https://avd.aquasec.com/nvd/cve-2018-1000222,2.2.5-r1,
rancher/pipeline-tools:v0.1.15,libgd,alpine,CVE-2019-6977,HIGH,https://avd.aquasec.com/nvd/cve-2019-6977,2.2.5-r2,
rancher/pipeline-tools:v0.1.15,libjpeg-turbo,alpine,CVE-2018-11813,HIGH,https://avd.aquasec.com/nvd/cve-2018-11813,1.5.3-r2,
rancher/pipeline-tools:v0.1.15,libpng,alpine,CVE-2018-14550,HIGH,https://avd.aquasec.com/nvd/cve-2018-14550,1.6.37-r0,
rancher/pipeline-tools:v0.1.15,libxml2,alpine,CVE-2018-14404,HIGH,https://avd.aquasec.com/nvd/cve-2018-14404,2.9.8-r1,
rancher/pipeline-tools:v0.1.15,libxslt,alpine,CVE-2019-11068,CRITICAL,https://avd.aquasec.com/nvd/cve-2019-11068,1.1.31-r1,
rancher/pipeline-tools:v0.1.15,libxslt,alpine,CVE-2019-18197,HIGH,https://avd.aquasec.com/nvd/cve-2019-18197,1.1.31-r2,
rancher/pipeline-tools:v0.1.15,musl,alpine,CVE-2019-14697,CRITICAL,https://avd.aquasec.com/nvd/cve-2019-14697,1.1.18-r4,
rancher/plugins-docker:18.09,musl,alpine,CVE-2019-14697,CRITICAL,https://avd.aquasec.com/nvd/cve-2019-14697,1.1.19-r11,
rancher/prometheus-auth:v0.2.1,curl,alpine,CVE-2020-8231,HIGH,https://avd.aquasec.com/nvd/cve-2020-8231,7.69.1-r2,
rancher/prometheus-auth:v0.2.1,curl,alpine,CVE-2020-8285,HIGH,https://avd.aquasec.com/nvd/cve-2020-8285,7.69.1-r3,
rancher/prometheus-auth:v0.2.1,curl,alpine,CVE-2020-8286,HIGH,https://avd.aquasec.com/nvd/cve-2020-8286,7.69.1-r3,
rancher/pstauffer-curl:v1.0.3,curl,alpine,CVE-2018-0500,CRITICAL,https://avd.aquasec.com/nvd/cve-2018-0500,7.61.0-r0,
rancher/pstauffer-curl:v1.0.3,curl,alpine,CVE-2018-14618,CRITICAL,https://avd.aquasec.com/nvd/cve-2018-14618,7.61.1-r0,
rancher/pstauffer-curl:v1.0.3,curl,alpine,CVE-2018-16839,CRITICAL,https://avd.aquasec.com/nvd/cve-2018-16839,7.61.1-r1,
rancher/pstauffer-curl:v1.0.3,curl,alpine,CVE-2018-16840,CRITICAL,https://avd.aquasec.com/nvd/cve-2018-16840,7.61.1-r1,
rancher/pstauffer-curl:v1.0.3,curl,alpine,CVE-2018-16842,CRITICAL,https://avd.aquasec.com/nvd/cve-2018-16842,7.61.1-r1,
rancher/pstauffer-curl:v1.0.3,curl,alpine,CVE-2019-3822,CRITICAL,https://avd.aquasec.com/nvd/cve-2019-3822,7.61.1-r2,
rancher/pstauffer-curl:v1.0.3,curl,alpine,CVE-2019-5481,CRITICAL,https://avd.aquasec.com/nvd/cve-2019-5481,7.61.1-r3,
rancher/pstauffer-curl:v1.0.3,curl,alpine,CVE-2019-5482,CRITICAL,https://avd.aquasec.com/nvd/cve-2019-5482,7.61.1-r3,
rancher/pstauffer-curl:v1.0.3,curl,alpine,CVE-2018-16890,HIGH,https://avd.aquasec.com/nvd/cve-2018-16890,7.61.1-r2,
rancher/pstauffer-curl:v1.0.3,curl,alpine,CVE-2019-3823,HIGH,https://avd.aquasec.com/nvd/cve-2019-3823,7.61.1-r2,
rancher/pstauffer-curl:v1.0.3,musl,alpine,CVE-2019-14697,CRITICAL,https://avd.aquasec.com/nvd/cve-2019-14697,1.1.19-r11,
rancher/pstauffer-curl:v1.0.3,nghttp2-libs,alpine,CVE-2019-9511,HIGH,https://avd.aquasec.com/nvd/cve-2019-9511,1.39.2-r0,
rancher/pstauffer-curl:v1.0.3,nghttp2-libs,alpine,CVE-2019-9513,HIGH,https://avd.aquasec.com/nvd/cve-2019-9513,1.39.2-r0,
rancher/rancher-agent:v2.4.8,libssl1.1,ubuntu,CVE-2020-1971,HIGH,https://avd.aquasec.com/nvd/cve-2020-1971,1.1.1-1ubuntu2.1~18.04.7,
rancher/security-scan:v0.1.14,libssl1.1,ubuntu,CVE-2020-1971,HIGH,https://avd.aquasec.com/nvd/cve-2020-1971,1.1.1-1ubuntu2.1~18.04.7,
rancher/sonobuoy-sonobuoy:v0.16.3,bsdutils,debian,CVE-2016-2779,HIGH,https://avd.aquasec.com/nvd/cve-2016-2779,,
rancher/sonobuoy-sonobuoy:v0.16.3,gcc-6-base,debian,CVE-2018-12886,HIGH,https://avd.aquasec.com/nvd/cve-2018-12886,,
rancher/sonobuoy-sonobuoy:v0.16.3,gpgv,debian,CVE-2018-1000858,HIGH,https://avd.aquasec.com/nvd/cve-2018-1000858,,
rancher/sonobuoy-sonobuoy:v0.16.3,libbz2-1.0,debian,CVE-2019-12900,CRITICAL,https://avd.aquasec.com/nvd/cve-2019-12900,,
rancher/sonobuoy-sonobuoy:v0.16.3,libc-bin,debian,CVE-2018-6485,CRITICAL,https://avd.aquasec.com/nvd/cve-2018-6485,,
rancher/sonobuoy-sonobuoy:v0.16.3,libc-bin,debian,CVE-2018-6551,CRITICAL,https://avd.aquasec.com/nvd/cve-2018-6551,,
rancher/sonobuoy-sonobuoy:v0.16.3,libc-bin,debian,CVE-2019-9169,CRITICAL,https://avd.aquasec.com/nvd/cve-2019-9169,,
rancher/sonobuoy-sonobuoy:v0.16.3,libc-bin,debian,CVE-2009-5155,HIGH,https://avd.aquasec.com/nvd/cve-2009-5155,,
rancher/sonobuoy-sonobuoy:v0.16.3,libc-bin,debian,CVE-2018-1000001,HIGH,https://avd.aquasec.com/nvd/cve-2018-1000001,,
rancher/sonobuoy-sonobuoy:v0.16.3,libc-bin,debian,CVE-2020-1751,HIGH,https://avd.aquasec.com/nvd/cve-2020-1751,,
rancher/sonobuoy-sonobuoy:v0.16.3,libc-bin,debian,CVE-2020-1752,HIGH,https://avd.aquasec.com/nvd/cve-2020-1752,,
rancher/sonobuoy-sonobuoy:v0.16.3,libsystemd0,debian,CVE-2019-3843,HIGH,https://avd.aquasec.com/nvd/cve-2019-3843,,
rancher/sonobuoy-sonobuoy:v0.16.3,libsystemd0,debian,CVE-2019-3844,HIGH,https://avd.aquasec.com/nvd/cve-2019-3844,,
rancher/sonobuoy-sonobuoy:v0.16.3,libsystemd0,debian,CVE-2020-1712,HIGH,https://avd.aquasec.com/nvd/cve-2020-1712,,
rancher/sonobuoy-sonobuoy:v0.16.3,login,debian,CVE-2017-12424,CRITICAL,https://avd.aquasec.com/nvd/cve-2017-12424,,
rancher/sonobuoy-sonobuoy:v0.16.3,perl-base,debian,CVE-2020-10543,HIGH,https://avd.aquasec.com/nvd/cve-2020-10543,5.24.1-3+deb9u7,
rancher/sonobuoy-sonobuoy:v0.16.3,perl-base,debian,CVE-2020-10878,HIGH,https://avd.aquasec.com/nvd/cve-2020-10878,5.24.1-3+deb9u7,
rancher/sonobuoy-sonobuoy:v0.16.3,perl-base,debian,CVE-2020-12723,HIGH,https://avd.aquasec.com/nvd/cve-2020-12723,5.24.1-3+deb9u7,
rancher/squareup-ghostunnel:v1.5.2,curl,alpine,CVE-2020-8169,HIGH,https://avd.aquasec.com/nvd/cve-2020-8169,7.66.0-r1,
rancher/squareup-ghostunnel:v1.5.2,curl,alpine,CVE-2020-8177,HIGH,https://avd.aquasec.com/nvd/cve-2020-8177,7.66.0-r1,
rancher/squareup-ghostunnel:v1.5.2,curl,alpine,CVE-2020-8231,HIGH,https://avd.aquasec.com/nvd/cve-2020-8231,7.66.0-r2,
rancher/squareup-ghostunnel:v1.5.2,curl,alpine,CVE-2020-8285,HIGH,https://avd.aquasec.com/nvd/cve-2020-8285,7.66.0-r3,
rancher/squareup-ghostunnel:v1.5.2,curl,alpine,CVE-2020-8286,HIGH,https://avd.aquasec.com/nvd/cve-2020-8286,7.66.0-r3,
rancher/squareup-ghostunnel:v1.5.2,libcrypto1.1,alpine,CVE-2020-1967,HIGH,https://avd.aquasec.com/nvd/cve-2020-1967,1.1.1g-r0,
rancher/squareup-ghostunnel:v1.5.2,nghttp2-libs,alpine,CVE-2020-11080,HIGH,https://avd.aquasec.com/nvd/cve-2020-11080,1.39.2-r1,
rancher/tekton-utils:v0.1.0,libcurl,alpine,CVE-2020-8231,HIGH,https://avd.aquasec.com/nvd/cve-2020-8231,7.69.1-r2,
rancher/tekton-utils:v0.1.0,libcurl,alpine,CVE-2020-8285,HIGH,https://avd.aquasec.com/nvd/cve-2020-8285,7.69.1-r3,
rancher/tekton-utils:v0.1.0,libcurl,alpine,CVE-2020-8286,HIGH,https://avd.aquasec.com/nvd/cve-2020-8286,7.69.1-r3,
